exepolsoc,26/02/2024 17:20,International Womenâ€™s Day is coming up! ğŸ’œ  Join us along with some of the best political feminist and equality focused societies in Exeter to celebrate women and non-binary people this International Womenâ€™s Day! ğŸ•º  Come along to The Ram for some IWD quizzing curly fries and the chance to win some prizes ğŸ†  Tickets are live on the UoE Politics FIXR now all proceeds from tickets will be going towards UN Women. We only have a limited number of tickets on sale so get them for you and all your pals before they sell out!   Date: 07/03/2024 Time: 7:00pm Location: The Ram stretch tent  Tickets: Â£2 via FIXR,https://www.instagram.com/p/C30aC8yL7O5,Gemini thinks: isEvent,GPT3.5 thinks: isEvent,GPT4 thinks: isEvent
exepolsoc,23/02/2024 18:34,Join PolSoc and LabourSoc for an amazing academic event to celebrate International Womenâ€™s Day!! ğŸ’šğŸ¤ğŸ’œ  Hear from Professors Sarah Lucas and Kate Townsend as well as special parliamentary guests Claire Hazelgrove and Emma McNicholas. Also we will have a panel and Q&A where you can ask questions to our esteemed guests!   We will have free pizza and drinks and canâ€™t wait to see you all there! ğŸ•  Tickets: Free via UoE Politics Society FIXR Time: 6:30pm-8:30pm  Date: 4th March  Location: Queens LT1,https://www.instagram.com/p/C3s0LTJLcIP,Gemini thinks: isEvent,GPT3.5 thinks: isEvent,GPT4 thinks: isEvent
exepolsoc,27/02/2024 18:00,ğŸ³ï¸â€âš§ï¸ğŸ³ï¸â€ğŸŒˆLGBTQ+ HISTORY MONTH SPOTLIGHTğŸ³ï¸â€ğŸŒˆğŸ³ï¸â€âš§ï¸  Swipe to read about Leo Vardkar the first openly gay Prime Minister of The Republic of Ireland!,https://www.instagram.com/p/C33DcwBLODi,Gemini thinks: isNotEvent,GPT3.5 thinks: isNotEvent,GPT4 thinks: Unclassified
exepolsoc,26/02/2024 09:00,Today marks the start of Eating Disorder Awareness Week 2024 ğŸ©µ  Swipe through to find out about the theme of EDAW 2024 Avoidant/Restrictive Food Intake Disorder; some statistics and common myths about eating disorders; and information on ED charities that can inform and support you ğŸ©µ  Sources from the post:  edaw.beageatingdisorders.org.uk  rethink.org/campaigns-policy/awareness-days-and-events/eating-disorders-week  beateatingdisorders.org.uk  themix.org.uk/mental-health/eating-disorders/ambassador-voices-the-myths-about-eating-disorders  eatingdisoederssupport.co.uk  @recoveringwithmia,https://www.instagram.com/p/C3zg5haredW,Gemini thinks: isNotEvent,GPT3.5 thinks: isNotEvent,GPT4 thinks: Unclassified
exepolsoc,22/02/2024 20:00,Hey PolSoccers! ğŸ©µ  Weâ€™re collabing with BodySoc for a Pilates class next week!  During this busy second term where assignments are getting heavy dissertation stress is eating up our final years itâ€™s so important to make room to prioritise your mental health. ğŸ§  So come along to this well-being event where Emily body societyâ€™s Pilates instructor and long time friend of PolSoc will take you through a class to reconnect with your mind and your body. There will be room for all levels of skill and experience so whether youâ€™re a Pilates pro or a total beginner youâ€™ll get something out of this class! ğŸ§˜â€â™€ï¸  Tickets will be available on the UoE Body Society FIXR page from Sunday! ğŸ’š,https://www.instagram.com/p/C3lPnh4ryKP,Gemini thinks: isEvent,GPT3.5 thinks: isEvent,GPT4 thinks: isNotEvent
exepolsoc,21/02/2024 18:00,ğŸ³ï¸â€âš§ï¸ğŸ³ï¸â€ğŸŒˆLGBTQ+ HISTORY MONTH SPOTLIGHTğŸ³ï¸â€ğŸŒˆğŸ³ï¸â€âš§ï¸  Swipe to read all about Geraldine Roman the first openly transgender woman to serve in the Congress of the Philippines!   Donâ€™t forget to grab your ticket before our LGBTQ+ History Month event in collaboration with @lgbtqsocietyexeter @qbexeter @angelsocexeter TOMORROW! Weâ€™ll be screening â€œThe Watermelon Womanâ€ an iconic landmark in LGBTQ+ Cinema!,https://www.instagram.com/p/C3nmoPKIdwH,Gemini thinks: isEvent,GPT3.5 thinks: isEvent,GPT4 thinks: isEvent
exepolsoc,16/02/2024 14:39,The day is finally hereâ€¦. GET YOUR STASH!  Click on the link to see your options!   https://redbirdapparel.co.uk/collections/university-of-exeter-politics-society,https://www.instagram.com/p/C3aXqPhImxV,Gemini thinks: isNotEvent,GPT3.5 thinks: isNotEvent,GPT4 thinks: Unclassified
exepolsoc,12/02/2024 18:00,ğŸ³ï¸â€âš§ï¸ğŸ³ï¸â€ğŸŒˆLGBTQ+ HISTORY MONTH SPOTLIGHTğŸ³ï¸â€ğŸŒˆğŸ³ï¸â€âš§ï¸  Swipe to read about Lisa Power MBE Co-Founder of Stonewall!,https://www.instagram.com/p/C3QbiKSreMa,Gemini thinks: isNotEvent,GPT3.5 thinks: isNotEvent,GPT4 thinks: Unclassified
exepolsoc,12/02/2024 15:30,ğŸ³ï¸â€ğŸŒˆğŸ³ï¸â€âš§ï¸LGBTQ+ History Month: QUEER CINEMA MOVIE NIGHTğŸ³ï¸â€âš§ï¸ğŸ³ï¸â€ğŸŒˆ  Hey all!   In honour of LGBTQ+ History Month weâ€™re hosting a movie night next Thursday in collaboration with @exepolsoc @lgbtqsocietyexeter @qbexeter @angelsocexeter   Book your ticket on the University of Exeter Politics Society Fixr Page all society proceeds go to Proud2Be!  Swipe along to find out about the movie weâ€™re showing and the charity weâ€™re fundraising for!,https://www.instagram.com/p/C3QKZMwIOjD,Gemini thinks: isEvent,GPT3.5 thinks: isEvent,GPT4 thinks: isEvent
exepolsoc,05/02/2024 18:00,ğŸ³ï¸â€âš§ï¸ğŸ³ï¸â€ğŸŒˆLGBTQ+ HISTORY MONTH SPOTLIGHTğŸ³ï¸â€ğŸŒˆğŸ³ï¸â€âš§ï¸  Over the following month weâ€™ll be spotlighting LGBTQ+ figures in politics that have changed history!   Swipe through to read about Lady Phyll co-founder of Black Pride!,https://www.instagram.com/p/C2-Z_2_o7sI,Gemini thinks: isNotEvent,GPT3.5 thinks: isNotEvent,GPT4 thinks: Unclassified
exeterpolishsociety,13/02/2024 20:49,ğŸ‡¬ğŸ‡§ â€” Join us this Friday 16th for a chill evening of games and activities at The Depot Student Accomodation. We'll play some games (board games table tennis pool ...) to enjoy a nice end of week and the beauty of being in the week end ğŸ¥³  ğŸ“† Date: Friday 16th March  ğŸ“Location : The Depot Student Accomodation  ğŸ• Time : 8pm,https://www.instagram.com/p/C3TTrFzLn61,Gemini thinks: isEvent,GPT3.5 thinks: isEvent,GPT4 thinks: isEvent
exeterpolishsociety,13/02/2024 14:29,ğŸ‡¬ğŸ‡§ â€” Time to meet our new committee members ğŸ¥³. Today we welcome Dominik who's joining us alongside Anna as your new Social Secretary.,https://www.instagram.com/p/C3SoMoCo3cb,Gemini thinks: isNotEvent,GPT3.5 thinks: isNotEvent,GPT4 thinks: Unclassified
exeterpolishsociety,11/02/2024 17:43,ğŸ‡¬ğŸ‡§ â€” Time to meet our new committee members ğŸ¥³. Today we welcome Anna who's joining us as your new Social Secretary.,https://www.instagram.com/p/C3N00oKo2VE,Gemini thinks: isNotEvent,GPT3.5 thinks: isNotEvent,GPT4 thinks: Unclassified
exeterpolishsociety,03/02/2024 12:30,ğŸ‡µğŸ‡± SPEEDWAY CRAZY POLAND ğŸ‡µğŸ‡±   Poland loves Speedway more than any other country does - and to prove it Kornelia joined me in the studio to chat Polish speedway! ğŸ’¬  We talked derbies rivalries arguments about the greatest of all time and why we love Speedway! â¤ï¸  Ps. Iâ€™m glad that I know someone else who likes Speedway as much as I do!,https://www.instagram.com/p/C24qlpLIZvt,Gemini thinks: isNotEvent,GPT3.5 thinks: isNotEvent,GPT4 thinks: Unclassified
exeterpolishsociety,29/01/2024 11:17,ğŸ‡¬ğŸ‡§Hello Everybody!  We are happy to announce that we are opening applications for two new committee positions in our society: welfare sec and social sec! If you feel this something you wish to do donâ€™t hesitate to apply through this link:   https://forms.office.com/e/gXfrTz7NNH  Best of luck!   ğŸ‡µğŸ‡±CzeÅ›Ä‡ wszystkim!   Z radoÅ›ciÄ… ogÅ‚aszamy Å¼e otwieramy zgÅ‚oszenia do dwÃ³ch nowych pozycji w samorzÄ…dzie w naszej spoÅ‚ecznoÅ›ci - welfare sec i social sec! JeÅ¼eli uwaÅ¼asz Å¼e to jest coÅ› w czym siebie widzisz zaaplikuj przez ten link:   https://forms.office.com/e/gXfrTz7NNH  Powodzenia!,https://www.instagram.com/p/C2rqQltonuy,Gemini thinks: isNotEvent,GPT3.5 thinks: isNotEvent,GPT4 thinks: Unclassified
exeterpolishsociety,24/01/2024 18:41,ğŸ‡¬ğŸ‡§ This Saturday come and join us at Isca Eats for a quiz social in collaboration with @ukrsocexeter ğŸ‡ºğŸ‡¦ ! Any of you are more than welcome to come to participate in the quiz in order to discover about these both neighbours cultures ğŸ¤â¤ï¸ ğŸ’™ğŸ’›  ğŸ“ Location â€” Isca Eats  ğŸ“† Date â€” Saturday 27th January 2024 â²ï¸ Time â€” 6pm to 9pm  ğŸ‡µğŸ‡± DoÅ‚Ä…cz do nas w tÄ™ sobotÄ™ w Isca Eats by wziÄ…Ä‡ udziaÅ‚ w quiz social w kolaboracji z @ukrsocexeter ğŸ‡ºğŸ‡¦ ! KaÅ¼dy jest zaproszony konkurowaÄ‡ w quizie by dowiedzieÄ‡ siÄ™ wiÄ™cej ciekawych faktÃ³w na temat naszych obu sÄ…siadujÄ…cych kultur ğŸ¤â¤ï¸ ğŸ’™ğŸ’›  ğŸ“ Lokalizacja â€” Isca Eats  ğŸ“† Data â€”  Sobota 27 Stycznia 2024 â²ï¸ Time â€” 18:00- 21:00,https://www.instagram.com/p/C2flKcDLXvn,Gemini thinks: isEvent,GPT3.5 thinks: isEvent,GPT4 thinks: isEvent
exeterpolishsociety,17/01/2024 18:34,ğŸ‡¬ğŸ‡§ â€” Come and join us tomorrow (Thursday 18th) at the societies fair in the Greenhouse (DH1) to learn about the new Polish society ğŸ‡µğŸ‡± !! ! We'll be there from 11am until 3pm with free snacks and some polish sweets. We can't wait to see you allğŸ¥³  ğŸ‡µğŸ‡± â€” DoÅ‚Ä…cz do nas jutro (czwartek 18 stycznia) podczas societies fair w Greenhouse (DH1h by dowiedzieÄ‡ siÄ™ wiÄ™cej na temat naszej polskiej spoÅ‚ecznoÅ›ci! BÄ™dziemy tam od 11:00 do 15:00 z darmowymi przekÄ…skami i sÅ‚odyczami. Nie moÅ¼emy siÄ™ doczekaÄ‡ by was spotkaÄ‡ ğŸ¥³,https://www.instagram.com/p/C2NizX8r7Gh,Gemini thinks: isEvent,GPT3.5 thinks: isEvent,GPT4 thinks: isEvent
exeterpolishsociety,16/01/2024 18:16,ğŸ‡¬ğŸ‡§ Hello everyone and a big welcome to anyone knew who has recently joined us !! We're super happy to announce our second social of the term: A meet up between all of us at The Depot Student Accomodation on Friday 19th January at 7.30pm !!   ğŸ“â€” The Depot Student Accomodation   ğŸ¸â€” Drinks (non alcoholic drinks also available) and Polish snacks available for free during the evening!!  âš½ï¸ â€” PiÅ‚karzyki Tournament: our president @imkorneliastark is really good in table football !! Who will be the one ready to win against her? ğŸ˜  See you on Friday ğŸ¤â¤ï¸  ğŸ‡µğŸ‡± CzeÅ›Ä‡ wszystkim i witamy wszystkich nowych obserwujÄ…cych co do nas ostatnio doÅ‚Ä…czyli !! JesteÅ›my podekscytowani by ogÅ‚osiÄ‡ nasze kolejny social w tym semestrze: oficjalne spotkanie powitalne byÅ›my siÄ™ wszyscy poznali w The Depot Student Accommodation w piÄ…tek 19 stycznia o 19:30 !!  ğŸ“ â€” The Depot Student Accommodation ğŸ¸â€” Drinki (napoje bezalkoholowe teÅ¼ bÄ™dÄ… dostÄ™pne) i Polskie przekÄ…ski bÄ™dÄ… dostÄ™pne za darmo podczas tego wieczoru!!  âš½ï¸â€” Turniej piÅ‚karzykÃ³w - nasza prezydent @imkorneliastark jest Å›wietna w piÅ‚karzykach !! Kto sprÃ³buje z niÄ… wygraÄ‡? ğŸ˜  Do zobaczenia w piÄ…tek ğŸ¤â¤ï¸,https://www.instagram.com/p/C2K75nSrj5e,Gemini thinks: isEvent,GPT3.5 thinks: isEvent,GPT4 thinks: isEvent
exeterpolishsociety,07/01/2024 19:07,ğŸ‡¬ğŸ‡§ Hello everyone and happy new year ğŸ‰!! For our first social we noticed that Exeter Phoenix was showing this amazing polish film (ChÅ‚opi) on Thursday 11th of January (film starting at 5.10pm)   ğŸ“½ â€” Get your tickets now if you want to come and watch it with us!! (Link in the bio) After the film we'll very likely go to the pub for a drink if you want to join us as well ğŸ»  ğŸ‡µğŸ‡± CzeÅ›Ä‡ wszystkim i szczÄ™Å›liwego nowego roku! ğŸ¥³ Ostatnio dowiedzieliÅ›my siÄ™ Å¼e Exeter Phoenix prezentuje ten Å›wietny i nowy polski film - ChÅ‚opi i stwierdziliÅ›my Å¼e to idealny pomysÅ‚ na pierwszy social! Film odbywa siÄ™ godzinie 17:10 11 Stycznia (Czwartek). Åapcie bilety jak najszybciej i chodÅºcie obejrzeÄ‡ go z nami! (Zobacz link w bio). Po filmie moÅ¼liwe Å¼e przyjedziemy siÄ™ do jakiegoÅ› pubu by siÄ™ lepiej poznaÄ‡ wiÄ™c jeÅ¼eli jesteÅ›cie zainteresowani to doÅ‚Ä…czcie do nas! ğŸ¤©,https://www.instagram.com/p/C1z2jtnL1Bd,Gemini thinks: isEvent,GPT3.5 thinks: isEvent,GPT4 thinks: isEvent
exeterpolishsociety,16/12/2023 16:25,ğŸ‡µğŸ‡± Witamy!  Czas poznaÄ‡ naszego trzeciego czÅ‚onka samorzÄ…du - Mathiasa naszego oficera mediÃ³w spoÅ‚ecznoÅ›ciowych (matko dziwnie brzmi to tÅ‚umaczenie ale to najlepsza wersja ğŸ¤£) ğŸ¥³ Do zobaczenia wkrÃ³tce!  ğŸ‡¬ğŸ‡§ Hello everybody!  Time to meet our third committee member Mathias - your Publicity Officer ğŸ¥³  See you soon!,https://www.instagram.com/p/C066i6HoJK5,Gemini thinks: isNotEvent,GPT3.5 thinks: isNotEvent,GPT4 thinks: Unclassified
frenchsocexe,22/02/2024 14:31,ğŸ‡«ğŸ‡· !! Alerte soirÃ©e 100% franÃ§aise !! ğŸ¥³  Cher compatriotes aprÃ¨s de nombreuses demandes voici enfin une soirÃ©e 100% frenchy ğŸ’™ğŸ¤â¤ï¸  Toutes les musiques que vous connaissez par coeur en une soirÃ©e ğŸ˜‰ğŸ˜‰  Le +? : les 25 premiers Ã  arriver auront un shot gratuit !  ğŸ“† Quand ? Jeudi 29 fÃ©vrier ğŸ•¦ Quelle heure? 21h ğŸ“ OÃ¹? Underground Exeter 44 Queen Street EX4 3SR  ThÃ¨me : bleu / blanc / rouge ğŸ’™ 1Ã¨re annÃ©e : bleu ğŸ¤ 2Ã¨me annÃ©e : blanc â¤ï¸ 3Ã¨me annÃ©e et + : rouge  -> Si vous nâ€™avez pas la couleur de votre annÃ©e pas de panique ! Portez celle des trois que vous voulez!   ğŸŸ â€” Lien des billets en bio  __________________________________________________  ğŸ‡«ğŸ‡· !! 100% French music Party alert!! ğŸ¥³  After numerous requests here is finally a 100% Frenchy evening ğŸ’™ğŸ¤â¤ï¸   All the french music you know by heart in one evening ğŸ˜‰ğŸ˜‰   The +? : the first 25 to arrive get a free shot!   ğŸ“† When? Thursday February 29th ğŸ•¦ What time? 9 p.m.  ğŸ“ Where? Underground Exeter 44 Queen Street EX4 3SR   Theme: blue / white / red  ğŸ’™ 1st year: blue  ğŸ¤ 2nd year: white  â¤ï¸ 3rd year and above: red   -> If you don't have the color of your year don't panic! Wear whichever of the three you want!   ğŸŸ â€” Link to tickets in bio,https://www.instagram.com/p/C3pzl3HoxRL,Gemini thinks: isEvent,GPT3.5 thinks: isEvent,GPT4 thinks: isEvent
frenchsocexe,10/02/2024 11:31,Next week we will be collaborating with @exeunibakesoc for Valentines Day making chocolate fondantsğŸ’—ğŸ‡«ğŸ‡·    This is an excellent opportunity to master your baking skills and meet new people across both societies   Tickets will be released on FIXR midday on Sunday and they will be Â£5.99 (must have a membership)   If you have any dietary requirements let us know and we can accommodate to this   Remember to bring Tupperware,https://www.instagram.com/p/C3KlbVWIIA4,Gemini thinks: isEvent,GPT3.5 thinks: isEvent,GPT4 thinks: isNotEvent
frenchsocexe,08/02/2024 16:22,Merci Ã  tous dâ€™avoir assistÃ© Ã  notre bal annuel des Langues Modernes Ã  Reed Hall nous espÃ©rons que vous vous Ãªtes bien amusÃ©s!!  Merci Ã©galement Ã  toutes les personnes qui ont aidÃ© Ã  lâ€™organisation de ce super Ã©vÃ©nement! â¤ï¸ğŸ‡«ğŸ‡·  â€”â€”â€”â€”â€”â€”â€”â€”â€”â€”â€”â€”â€”â€”â€”â€”â€”â€”â€”â€”â€”â€”â€”â€”â€”â€”â€”- Thanks everyone for attending our annual MLB ball at Reed hall we hope you guys had a great time!! Thanks everyone who helped to organise this amazing event!â¤ï¸ğŸ‡«ğŸ‡·,https://www.instagram.com/p/C3F9LRkIrQu,Gemini thinks: isNotEvent,GPT3.5 thinks: isNotEvent,GPT4 thinks: Unclassified
frenchsocexe,04/02/2024 17:37,Quiz night at Old Firehouse! ğŸ¥³ğŸ¤©  Join us for a fun quiz alongside some drinks and pizza! ğŸ•ğŸº in collaboration between French Society and Italian Society ğŸ‡«ğŸ‡·ğŸ‡®ğŸ‡¹  Two different types of tickets â€“ ğŸ• Pizza Margherita included (Â£8)  ğŸ¸ Non pizza included (Â£3)    ğŸ“ Location : Old FireHouse Exeter  ğŸ“† Date : Thursday 15th of February  Time : 7pm (finishing around 9pm)   âš ï¸ DEADLINE to get your tickets : THURSDAY 8TH FEBRUARY 2024,https://www.instagram.com/p/C27yiRVr2lN,Gemini thinks: isEvent,GPT3.5 thinks: isEvent,GPT4 thinks: isEvent
frenchsocexe,31/01/2024 20:39,Vente de crÃªpes  Come along to the depot this Sunday to enjoy some crÃªpes ğŸ¥ğŸ‡«ğŸ‡·ğŸ˜Š They will be Â£1 per crÃªpe  Bring cash!!!,https://www.instagram.com/p/C2x0O15r5Z3,Gemini thinks: isEvent,GPT3.5 thinks: isEvent,GPT4 thinks: isEvent
frenchsocexe,26/01/2024 16:52,Joignez-vous Ã  nous pour notre prochain social le 30 Janvier ğŸ‡«ğŸ‡·ğŸ¥â˜•ï¸  Cet Ã©vÃ©nement sera une super opportunitÃ© pour apprendre Ã  vous (et nous) connaÃ®tre autour dâ€™un petit dÃ©jeuner (nourriture inclue dans le prix du ticket)  Le lien pour les tickets sera postÃ© dans notre story nâ€™oubliez pas le vÃ´tre!  Ã€ bientÃ´t ğŸ¥  â€”â€”â€”â€”â€”â€”â€”â€”â€”â€”â€”â€”â€”â€”â€”â€”â€”â€”â€”â€”â€”â€”â€”â€”â€”â€”â€”-  Join us for our next social on the 30th January ğŸ‡«ğŸ‡·ğŸ¥â˜•ï¸  This is a great opportunity to get to know each other within the society and also enjoy some of the food and drinks ( included in the ticket price)   The link to the tickets will be posted on our story- donâ€™t forget to get yours!   Ã€ bientÃ´t ğŸ¥,https://www.instagram.com/p/C2kiNWHobnT,Gemini thinks: isEvent,GPT3.5 thinks: isEvent,GPT4 thinks: isNotEvent
frenchsocexe,14/01/2024 13:09,ğŸ¤©Modern Languages BallğŸ¤©  The best event of the year is back!! On Tuesday 6th February 2024 we will be holding our very in-demand Modern Languages Ball at Reed Hall! ğŸ’™â¤ï¸ğŸ’šğŸ–¤  Time: 6:30pm drinks reception Time: 7:15pm dinner  Tickets are Â£39 per person which includes a 2 course meal and half a bottle of wine ğŸ¾ğŸ¥‚ + live band and event photographer ğŸ“¸!!  Check your society story for their tickets link ğŸŸ   If you fancy continuing the fun there will be a chance to purchase tickets for TP Tuesday (* please note tickets need to be purchased separately - not included in price of Ball ticket). More info on buying tickets will be shared soon ğŸ¥³  Make sure to get yours quickly - tickets are limited! This is your chance to get dressed up with @exehispanicsociety @frenchsocexe @exeitaliansociety @uofe_germansoc   We can't wait to see you there! ğŸ˜Š,https://www.instagram.com/p/C2FPN_Uoibg,Gemini thinks: isEvent,GPT3.5 thinks: isEvent,GPT4 thinks: isEvent
frenchsocexe,13/12/2023 22:49,Go and buy your french society stash ğŸ‡«ğŸ‡·ğŸ‡«ğŸ‡·ğŸ‡«ğŸ‡·   Swipe through to see all of the products we have available including our sports team shirts for intramural games @frenchsocexe_sport,https://www.instagram.com/p/C0z4EFOoB6K,Gemini thinks: isNotEvent,GPT3.5 thinks: isNotEvent,GPT4 thinks: Unclassified
frenchsocexe,05/12/2023 11:21,French society Christmas dinner 2023 at CÃ´te brasserie âœ¨âœ¨   Thanks to our committee for organising the event and thank you everyone for coming. We hope you had an amazing time â¤ï¸ ğŸ‡«ğŸ‡· ğŸ…ğŸ»âœ¨,https://www.instagram.com/p/C0eDCx-ICG6,Gemini thinks: isNotEvent,GPT3.5 thinks: isEvent,GPT4 thinks: Unclassified
frenchsocexe,24/11/2023 19:26,Salut Ã  tous!! Join us along with a few other societies on Tuesday for some karaoke at Zinc ğŸ¤ There will be many songs to choose from including les plus belles chansons franÃ§aises!! So get ready to sing your heart out or just come along to watch the fun! ğŸ¤© No tickets are required for this FREE event!!!  We canâ€™t wait to hear your songs!  ğŸ’™ğŸ¤â¤ï¸,https://www.instagram.com/p/C0Clvxurh8V,Gemini thinks: isEvent,GPT3.5 thinks: isEvent,GPT4 thinks: isEvent
uoeshuffle,01/02/2024 13:35,The Wild West social with @exeterengineeringsociety ğŸ„   What a success! It was great to see so many cowboys catch up and we appreciate everyone who attended. We hope everyone had a brilliant night. Stay tuned for upcoming information about our next social event.  Much love   The committee ğŸ¤   #shuffleboard #shuffleboardtable #exetah #universityofexeter #exeterstudentguild #pubgames,https://www.instagram.com/p/C2zoehjsKqh,Gemini thinks: isNotEvent,GPT3.5 thinks: isNotEvent,GPT4 thinks: Unclassified
uoeshuffle,25/01/2024 16:15,Yeehaw Cowboys! ğŸ¤ ğŸ„ ExEng and Shuffleboard Society are fixinâ€™ the best hootenanny this side of the Mississippi.   Donâ€™t be a yellow-belly throw on some spurs and meet us down at the Mount Radford saloon.  - 6pm  - Mount Radford  - Tues 30th Jan  - Tickets Â£3  - Timepiece afters (not included - watch FIXR!)  Tickets must be bought available on FIXR now and link in bio.   #exetah #exeteruniversity #shuffleboard #engineering #wildwest #cowboyboots #exeng #exeterstudentsguild #uoeshuffleboard  @exeterguild,https://www.instagram.com/p/C2h5JfUMgLZ,Gemini thinks: isEvent,GPT3.5 thinks: isEvent,GPT4 thinks: isEvent
uoeshuffle,24/01/2024 15:58,UOE Shuffle Board Society are back for Term 2 !  Hope you all had a good kick-start to the second term and that your exams went well! During the Christmas break we took some time to discuss and reflect on the past term. Since then we've been working hard on developing this society in all dimensions with a specific focus on making our socials even more fun and exciting.  Currently we are in the final stages of refining a few details before officially announcing our upcoming social.   Rest assured we are preparing to come back with a bang! In the meantime be sure to keep a lookout for updates.   Big love from the committee.  Have a great week everyone !!  #exetah #universityofexeter #shuffleboard #term2 #shuffleboardislife,https://www.instagram.com/p/C2fSad3t9QZ,Gemini thinks: isNotEvent,GPT3.5 thinks: isNotEvent,GPT4 thinks: Unclassified
uoeshuffle,24/11/2023 15:52,We are back with a Shuffle Socialâ€¦ğŸ•ºğŸ»ğŸ’ƒğŸ¼ğŸ•ºğŸ»ğŸ’ƒğŸ¼ğŸ•ºğŸ»ğŸ’ƒğŸ¼ğŸ•ºğŸ»ğŸ’ƒğŸ¼ğŸ•ºğŸ»ğŸ’ƒğŸ¼ğŸ•ºğŸ»  - This week we will be back at  @mount_radford for another great social.   - We would love to see you guys there! Letâ€™s make this social a big oneğŸ¤ª  - As always 20% off Drinks & Food with the student beans app!!   We look forward to seeing you allâ€¦  Big love   The commiteeğŸ¤˜  #exeteruniversity #exetah #shuffleboard #keepshuffleing #exeterstudentsguild #exeterstudents,https://www.instagram.com/p/C0CNPO1Mkvt,Gemini thinks: isEvent,GPT3.5 thinks: isEvent,GPT4 thinks: isNotEvent
uoeshuffle,12/11/2023 21:25,See you shufflers in the Mount Radford on the Tuesday! We are back getting the shuffle in!  Link in bio  #exeteruniversity #exeterguild #exetah,https://www.instagram.com/p/Czj52kMM4fV,Gemini thinks: isNotEvent,GPT3.5 thinks: isNotEvent,GPT4 thinks: Unclassified
uoeshuffle,05/11/2023 15:15,EDIT: SOLD OUT!  Social Reminder!!  This Tuesday 7th we will be holding a bowling social at Tenpin Exeter starting at 7:30pm.  If you would like to join the committee at tp after make sure to purchase your tickets now  Please sign up to the social using this link and make sure to bring Â£10 cash on the night   Limited spaces left so make sure to grab your tickets while you can  See you all there!!,https://www.instagram.com/p/CzRN_N-sbuZ,Gemini thinks: isEvent,GPT3.5 thinks: isEvent,GPT4 thinks: isEvent
uoeshuffle,16/10/2023 17:13,Introducing the 2023/24 Committee for the UoE ShuffleBoard Society ğŸ‰  We welcome our newest committee members Ollie Gibbs who takes on the role of Stash Sec and Chelsea Air our dedicated 1st Year Rep.   Weâ€™re very excited for the year ahead. This committee is all about shuffling our way to a great year!   All the best  The committeeğŸ‘ŒğŸ»  #exeteruniversity #exetah #shuffleboard #shuffleboardtable #exeterstudentsguild,https://www.instagram.com/p/Cyd7mXiMJIi,Gemini thinks: isNotEvent,GPT3.5 thinks: isNotEvent,GPT4 thinks: Unclassified
uoeshuffle,13/10/2023 13:23,Weâ€™re back with an extra special social ! âœ¨  Mini UoE Shuffleboard Tournamentâ€¼ï¸  Back at Mount Radford with a great 20% off Food and Drinks.  (with the student beans app).  Prize for the winning team ğŸ†  Further information regarding the tournament will be out soon.  Please donâ€™t forget to purchase a ticket via FIXR ğŸŸ  https://fixr.co/event/exeter-shuffleboard-pub-social-tickets-212880050 Link also in bio  See you there !   With love   The commiteeğŸ•ºğŸ»  #exeterstudentsguild #exeteruniversity #mountradford #shuffleboard #shuffleboardtable #exetah,https://www.instagram.com/p/CyVyzOms-dT,Gemini thinks: isNotEvent,GPT3.5 thinks: isNotEvent,GPT4 thinks: Unclassified
uoeshuffle,10/10/2023 10:58,What a month to be a Shuffler! Great start to Term 1.   Get your memberships so you donâ€™t miss out Link in bio  Yours truly The Shuffle King  #shuffleboard #exeteruniversity #exeterstudentsguild #shufl  @boombattlebar @mount_radford,https://www.instagram.com/p/CyNzr6VMTJv,Gemini thinks: isNotEvent,GPT3.5 thinks: isNotEvent,GPT4 thinks: Unclassified
uoeshuffle,05/10/2023 21:51,Cheers to  @mount_radford  for another successful social ğŸ˜  Once again we had a great time playing meeting and chatting to all of you. Glad to see so many familiar faces and interested members ğŸ•ºğŸ»ğŸ™Œ  Quick reminder : there will be no social next week  (12th of October)  However we will be back the week after so keep your ğŸ‘€â€™s peeled for info coming soonâ€¦  As always feel free to drop us a DM with any questions or inquiries ğŸ“¨  Thanks to everyone who attended!   Much love  The commiteeğŸ’¥  #exeteruniversity #exetah #shuffleboard #exeterstudentsguild #pubgames #publovers,https://www.instagram.com/p/CyCFKGSMcPm,Gemini thinks: isNotEvent,GPT3.5 thinks: isNotEvent,GPT4 thinks: Unclassified
eurovision_exe,12/02/2024 18:00,Exevision tickets are out now! You can secure them through this link or in our bio:  https://fixr.co/event/exevision-song-contest-2024-tickets-799554733  This is your one time opportunity to hear the variety of countries and people perform songs close to their hearts on a big stage and we need an audience to support them! Youâ€™re in for an unforgettable night full of music laugh excitement and joy so donâ€™t hesitate and get your tickets now! âœ¨,https://www.instagram.com/p/C3Qbk4aIZyX,Gemini thinks: isEvent,GPT3.5 thinks: isEvent,GPT4 thinks: isNotEvent
eurovision_exe,25/02/2024 20:11,Good evening Europe and World!   Finally we are able to reveal our last contestants of this year Exevision Song Contest - itâ€™s the band F# from China! Itâ€™s the first band ever to perform in the competition! F# will be singing a song called â€œç¦»å¼€â€ by MCHotDog ğŸ‡¨ğŸ‡³   We cannot wait to see you all in two weeks! If you still havenâ€™t - make sure to get your tickets ğŸ«¡,https://www.instagram.com/p/C3yI5FZLQXF,Gemini thinks: isEvent,GPT3.5 thinks: isEvent,GPT4 thinks: isNotEvent
eurovision_exe,18/02/2024 19:08,Good Evening Europe and world!  Time to reveal a singer coming from the slavic lands - Poland! Kornelia Stark will represent Poland singing the song â€œJesieÅ„ - TaÅ„cujâ€ or in translation â€œAutumn Danceâ€ by L.U.C and Kayah. This song has been also recently submitted as the potential official Eurovision entry representing Poland! ğŸ‡µğŸ‡±   Weâ€™re looking forward to hearing some traditional folk music!   See you soon for the last reveal!,https://www.instagram.com/p/C3gAGvnL3gm,Gemini thinks: isNotEvent,GPT3.5 thinks: isNotEvent,GPT4 thinks: Unclassified
eurovision_exe,16/02/2024 17:29,Hello Everyone!  Weâ€™re soon coming to an end with revealing our contestants but for now itâ€™s time to meet our next singer who will be representing France!   Margo Hyvernat will represent France singing the song â€œJe Veuxâ€ by Zaz ğŸ‡«ğŸ‡·  Looking forwards to hearing it on stage!   Till the next one!,https://www.instagram.com/p/C3arL0moQiQ,Gemini thinks: isNotEvent,GPT3.5 thinks: isNotEvent,GPT4 thinks: Unclassified
eurovision_exe,14/02/2024 20:34,Good Evening Europe and the world! ğŸŠ  Weâ€™re coming to you to reveal the next singer which is Sweden! Sweden will be represented by Emma Curl who will sing â€œUndoâ€ by Sanna Nielsen ğŸ‡¸ğŸ‡ª  Sweden is also the country who is hosting this yearâ€™s Eurovision!   Looking forward to seeing Emmaâ€™s performance!   See you soon,https://www.instagram.com/p/C3V2siGrBeI,Gemini thinks: isEvent,GPT3.5 thinks: isNotEvent,GPT4 thinks: Unclassified
eurovision_exe,12/02/2024 16:10,Hello Everyone!  Time to welcome the contestants that will be representing the United Kingdom at Exevision. Please welcome Caroline and Pola who will be singing â€œSoloâ€ by BLANKA ğŸ‡¬ğŸ‡§  Solo was originally performed by Blanka on the Eurovision stage in Liverpool in 2023 where the song achieved 19th place.   See you soon ğŸŠ,https://www.instagram.com/p/C3QO7GhIpvj,Gemini thinks: isNotEvent,GPT3.5 thinks: isNotEvent,GPT4 thinks: Unclassified
eurovision_exe,10/02/2024 21:38,Good Evening everyone!  Letâ€™s give a warm welcome to our next contestant who will be representing Hong Kong! Gabriella Chiu will sing a song â€œä¸‹æ¬¡æ„›ä½  (Next Time)â€by Ivana Wong ğŸ‡­ğŸ‡°   See you soon!,https://www.instagram.com/p/C3Lq5SDLu1b,Gemini thinks: isNotEvent,GPT3.5 thinks: isNotEvent,GPT4 thinks: Unclassified
eurovision_exe,07/02/2024 14:29,Hello everybody!  Letâ€™s get to sandy beaches of Costa Rica to meet our new contestant - Carlota Zamora who will sing the song Amor Prohibido by Selena on our Exevision stage ğŸ‡¨ğŸ‡·   Till the next one!,https://www.instagram.com/p/C3DLZtUIRSH,Gemini thinks: isNotEvent,GPT3.5 thinks: isEvent,GPT4 thinks: Unclassified
eurovision_exe,06/02/2024 20:43,Hello Everybody!  Meet UKâ€™s neighbouring representative - Ireland! Ireland will be represented by Aiden Malik who will sing â€œThe Man Who Canâ€™t Be Movedâ€ by The Script ğŸ‡®ğŸ‡ª  Cannot wait to hear Aidanâ€™s performance!  See you soon ğŸ¤,https://www.instagram.com/p/C3BRb1YL5Vy,Gemini thinks: isNotEvent,GPT3.5 thinks: isNotEvent,GPT4 thinks: Unclassified
eurovision_exe,05/02/2024 17:23,Good Evening World!   Our next singer comes from the colourful and rich lands of India! Give a warm welcome to Ananya Gupta who will sing the song â€œAe Dil Hai Muskhilâ€ by Pritam & Arijit Singh ğŸ‡®ğŸ‡³   Itâ€™s going to be a wonderful to hear it live and we hope youâ€™re looking forward to it as well!  Till the next one ğŸ«¨,https://www.instagram.com/p/C2-VsWHIFEn,Gemini thinks: isEvent,GPT3.5 thinks: isNotEvent,GPT4 thinks: Unclassified
uoescifi,29/02/2024 13:23,Hello there this is our final updated schedule for the rest of term! Some things had to move around due to scheduling conflicts sorry for any inconvenience caused!,https://www.instagram.com/p/C37tV-csTIW,Gemini thinks: isNotEvent,GPT3.5 thinks: isNotEvent,GPT4 thinks: Unclassified
uoescifi,29/02/2024 13:36,Hey everyone we are collaborating with Gamesoc Video Games Soc and Legosoc to bring you the Ultimate Gaming Collab event! It will take place on Sunday next week and involve fun activities each run by one of our societies such as a quiz mario kart tournament board games and building lego :) so we can estimate numbers please grab a free ticket from Fixr using the link in our story or on the discord.  We will likely be taking photos on the day so if you would NOT like to be in any pictures please let any committee member know and we will make sure you're not in the photos.,https://www.instagram.com/p/C37u2sVMHZm,Gemini thinks: isEvent,GPT3.5 thinks: isEvent,GPT4 thinks: isNotEvent
uoescifi,28/02/2024 15:57,Hello there player sign ups are now open for our one shot night next week! The form will be open until the end of the day on Saturday and we'll assign the groups on Sunday so make sure you sign up before then using the link in our discord or on our story :),https://www.instagram.com/p/C35aNvnMXEm,Gemini thinks: isEvent,GPT3.5 thinks: isEvent,GPT4 thinks: isNotEvent
uoescifi,27/02/2024 16:54,Hey everyone next week we will be going to see the much anticipated Dune Part 2! Some of us have booked D6 7 and 8 so book your seat soon on the Vue website and we can all sit together :),https://www.instagram.com/p/C3277hXLdmG,Gemini thinks: isEvent,GPT3.5 thinks: isNotEvent,GPT4 thinks: Unclassified
uoescifi,23/02/2024 11:56,"Hello there our event for next week will be the UK Sci-Fi and Fantasy Society Quiz of 2024! A quiz? A quiz unlike anything you've seen before. Join us on Wednesday as Exeter enters into mortal kombatâ„¢ against Cardiff UCL and Edinburgh Sci-Fi and Fantasy Societies. Each society has contributed a round and the society with the highest average score will be crowned ""The UK Sci-Fi and Fantasy Society of 2024"". This quiz will shake the foundations of the world and leave generations asking ""why were Exeter so much better than the rest?"" Bring your friends bring yourself bring your mum and join us for a lovely evening doing quizzing.",https://www.instagram.com/p/C3sGo8prLpK,Gemini thinks: isEvent,GPT3.5 thinks: isEvent,GPT4 thinks: isEvent
uoescifi,14/02/2024 15:54,Hey everyone we are going to the boneyard arcade next week! Come along for a fun evening of retro games- tickets are only Â£5 for 2 hours of unlimited play on all their machines you can get one on our Fixr!,https://www.instagram.com/p/C3VWt6EN6sO,Gemini thinks: isEvent,GPT3.5 thinks: isNotEvent,GPT4 thinks: Unclassified
uoescifi,08/02/2024 17:44,Hello there our event for next week is a society fave- the vicky quiz! come along whether you're a landlubber or a seasoned pirate to test your smarts and maybe win a prize!,https://www.instagram.com/p/C3GGd6ar_4M,Gemini thinks: isEvent,GPT3.5 thinks: isEvent,GPT4 thinks: isNotEvent
uoescifi,01/02/2024 12:06,Hey everyone our event for next week will be a collab with @exeterpodsoc! We will be doing a fantasy podclub discussing Camlann episode 1 and Monstrous Agonies episode 4.  Camlann is a new post-apocalyptic fantasy inspired by folklore and Arthurian legends by Ella Watts and Monstrous Agonies is a fictional weekly advice show from the UKâ€™s only radio station for monsters and members of the creature community by HR Owen.  It would be great if anyone coming could listen to one or both in advance though anyone is welcome. Camlann is 25 minutes long and Monstrous Agonies is 10 minutes long!  Both shows are available on basically any platform that hosts podcasts (including Spotify) transcripts for both shows are available in the show notes as are content warnings for Camlann.  Hope to see everyone there!,https://www.instagram.com/p/C2zeQMmszgS,Gemini thinks: isEvent,GPT3.5 thinks: isEvent,GPT4 thinks: isNotEvent
uoescifi,31/01/2024 13:45,Hello there on Saturday we will be joining @uoewhosoc for their chip shop crawl! Accompany us all for a journey around Exeter trying chips at each shop with a couple of shared portions and voting on which is the best. We will be meeting at 5:15pm at Bury Meadow Park ready to leave at 5:30 for the Clock Tower Fish Bar. Both us and WhoSoc will update our locations on our socials for anyone who needs to join late. Be sure to get your free ticket from WhoSoc's FIXR to help us figure out numbers! https://fixr.co/event/chip-shop-crawl-tickets-437693825,https://www.instagram.com/p/C2xE1SeMKVH,Gemini thinks: isEvent,GPT3.5 thinks: isEvent,GPT4 thinks: isEvent
uoescifi,28/01/2024 17:36,Hey everyone next week we will be running an art and board games night in collaboration with @gamesoc_exe ! The rooms for each part will be:  Board Games in Rooms 4 & 5 Card Games in Room 8 TTRPGs in Room 9 Art in Room 10 War Games in Room 11  Hope to see everyone there!,https://www.instagram.com/p/C2pw3SuLAV4,Gemini thinks: isEvent,GPT3.5 thinks: isEvent,GPT4 thinks: isEvent
exeterphilsoc,19/02/2024 21:24,Exciting Phil on Tap this week!! Donâ€™t miss it.,https://www.instagram.com/p/C3i0aafrRaE,Gemini thinks: isEvent,GPT3.5 thinks: isNotEvent,GPT4 thinks: Unclassified
exeterphilsoc,05/02/2024 19:46,Thatâ€™s rightâ€¦ Ed Skidelsky is back for another talk!! Donâ€™t miss it this Thursday 7pm! This is also our preâ€™s for the traffic light at social at Revs later on in the evening (8pm) with the humanity societies! Get your ticket in our bio!,https://www.instagram.com/p/C2-mDtlINd6,Gemini thinks: isEvent,GPT3.5 thinks: isEvent,GPT4 thinks: isEvent
exeterphilsoc,26/01/2024 19:12,We are very excited to be launching our Notion platform!! Do ask any questions and please do send in some essays youâ€™re proud ofğŸ˜,https://www.instagram.com/p/C2kyM_-LW-y,Gemini thinks: isNotEvent,GPT3.5 thinks: isNotEvent,GPT4 thinks: Unclassified
exeterphilsoc,23/01/2024 18:59,Phil on Tap this week!! We have the pleasure of welcoming Dr Nicholas Terry a History lecturer here at Exeter. With Holocaust Memorial Day coming up on Saturday (27/1/24) Nick will be chatting to us about Holocaust denial and Pseudohistory. Come along!,https://www.instagram.com/p/C2dCZrLr-P3,Gemini thinks: isEvent,GPT3.5 thinks: isEvent,GPT4 thinks: isEvent
exeterphilsoc,15/01/2024 20:46,We hope you all had a lovely Christmas break! Happy New Year from all of us at PhilSoc! Come along this Thursday for a nice chill evening at the Ship Inn we canâ€™t wait to see you thereğŸ»,https://www.instagram.com/p/C2IoRDzrKaT,Gemini thinks: isNotEvent,GPT3.5 thinks: isEvent,GPT4 thinks: Unclassified
exeterphilsoc,06/12/2023 09:56,Thatâ€™s right another epic cavern night is coming up!! Thursday 14th December 10pm-late tickets are in our bioğŸ˜,https://www.instagram.com/p/C0geEf-IRI7,Gemini thinks: isEvent,GPT3.5 thinks: isEvent,GPT4 thinks: isNotEvent
exeterphilsoc,05/12/2023 18:16,Hereâ€™s our wonderful committee!! We had a great time last night we hope you enjoyed it tooâ„ï¸,https://www.instagram.com/p/C0eyj27LJOz,Gemini thinks: isNotEvent,GPT3.5 thinks: isNotEvent,GPT4 thinks: Unclassified
exeterphilsoc,03/12/2023 17:03,Weâ€™re so excited for the winter ball tomorrow!! We hope youâ€™re excited tooğŸ¥° To make it even better weâ€™re having our after party at the cocktail club and thereâ€™s some deals and freebies you wonâ€™t want to miss!! See you all tomorrow!,https://www.instagram.com/p/C0Zgi3jo3-I,Gemini thinks: isEvent,GPT3.5 thinks: isEvent,GPT4 thinks: isEvent
exeterphilsoc,20/11/2023 20:11,This weekâ€™s Phil on Tap is by Dr Callum Downes! Callum graduated in the summer obtaining his Doctor title in Philosophy. On Thursday heâ€™ll be presenting his work!! Donâ€™t miss it! Ship Inn 7pm,https://www.instagram.com/p/Cz4Xx8grEW2,Gemini thinks: isEvent,GPT3.5 thinks: isEvent,GPT4 thinks: isEvent
exeterphilsoc,10/11/2023 15:27,A big event next week! Tickets are on our FIXR page!,https://www.instagram.com/p/CzeHSi2IBaT,Gemini thinks: isEvent,GPT3.5 thinks: isNotEvent,GPT4 thinks: Unclassified
uepolefitness,06/11/2023 19:48,From diverse classes to exclusive Spin City sessions socials and charity showcases there's something for everyone. As we enter the second half of the term here's everything you need to know about our vibrant community.   Introduction: * UEPF: University's Pole Fitness Society. * Inclusive environment diverse training socials and showcases. * Partnership with Spin City embracing 'Every Body Is Welcome' motto.  Membership and Classes: * Memberships available for purchase on university guild website. * Various class levels: Beginners Improvers Returners Intermediates. * Additional classes: Flow Heels Conditioning Stretching and Pole Practice.  Class Rules: * Jewellery removal; exceptions for religious reasons. * Avoid moisturising fake tan or shaving 24 hours before class. * Punctuality crucial; latecomers after warm-up may not be admitted.  Recommended Grips: * Grips like Girlie Grip Dry Hands No Sweat and EnviroGrip recommended. * Avoid Monkey Hands Sticky and grips with resin or climbing grip.  Spin City Partnership: * Affiliation with Spin City Exeter's Pole Fitness studio at the Phoenix on Gandy Street. * Exclusive UEPF class on Wednesdays mixed ability tickets available on Spin City website.  Socials: * Regular social events including sober options; no pressure to drink. * Sober committee members ensure smooth social experiences. * Check social media for event details and ticket information.  Showcase Events: * Two annual showcases for society members to perform. * Spectators (family and friends) welcome. * Charity support; portion of event proceeds donated. * Opportunities for involvement beyond performing like contributing to bake sale.,https://www.instagram.com/p/CzUR8rxLSsS,Gemini thinks: isNotEvent,GPT3.5 thinks: isNotEvent,GPT4 thinks: Unclassified
uepolefitness,28/02/2024 16:51,Our next social is here!  Join us in AR2 on Sunday the 3rd of March from 8pm - 10pm for a craft night.  The crafts made will be used at Showcase with the opportunity to take some crafts home.  No tickets are needed for this.  Hope to see you there! Pole love UEPF x,https://www.instagram.com/p/C35gVYfI4r7,Gemini thinks: isEvent,GPT3.5 thinks: isEvent,GPT4 thinks: isEvent
uepolefitness,25/02/2024 20:10,Tickets for Showcase are out!  Head to our Fixr to purchase tickets for our Spring Showcase. Members of the society who are not performing can buy tickets for Â£7 and general admissions is Â£8.  We also have our final performances deadlines and so these will be linked in our â€œShowcase Highlightâ€,https://www.instagram.com/p/C3yIw_bruE6,Gemini thinks: isEvent,GPT3.5 thinks: isEvent,GPT4 thinks: isNotEvent
uepolefitness,23/02/2024 19:19,Our timetable for the week commencing 26/02.  Tickets will be on sale Sunday the 25th on FIXR. As well as this tickets may be shown on FIXR before 6pm however they will become available for purchase at 6pm.  Monday Pole Practice: 10am - 11am Beginners: 1:45pm - 2:45pm Beginners (Sensory Friendly): 3pm - 4pm Conditioning: 4:15pm - 5pm  Tuesday Stretching: 12:45pm - 1:30pm Spinning Pole (Beginners): 2pm - 3pm Neveâ€™s Flow (Heels Optional): 3:15pm - 4:45pm  Wednesday UEPF Spin City Class: 5:50pm - 7:05pm  Thursday Improvers: 10am - 11am Beginners: 12pm - 1pm  Friday Spinning Pole (Improvers): 11:15am - 12:15pm Returners: 12:30pm - 1:30pm  All classes will be in AR2.  Pole love UEPF x,https://www.instagram.com/p/C3s5VMTLNAQ,Gemini thinks: isNotEvent,GPT3.5 thinks: isNotEvent,GPT4 thinks: Unclassified
uepolefitness,22/02/2024 08:00,As February draws to a close weâ€™re slowing things down for our last social of the month.  Join us at Sunset Society from 10:30am - 12:30pm on Sunday the 25th of February for a catch up over coffee.  No tickets will be needed and this will be the perfect way to start your Sunday morning.  We canâ€™t wait to see you.  Pole love UEPF x,https://www.instagram.com/p/C3pGx8VodZp,Gemini thinks: isEvent,GPT3.5 thinks: isEvent,GPT4 thinks: isEvent
uepolefitness,18/02/2024 08:30,Itâ€™s social time!!   Join us on Tuesday the 20th of February for a night of boozy bowling! ğŸ³   We will be arriving at Tenpin Bowling for 6:45pm to allow time before the 7pm game. There will be a walking bus from the city centre for those who wish to join. More details on the walking bus to come on Tuesday.  Tickets will be live on FIXR from 10am on Sunday the 18th and will be Â£7.50 and including two games in the price.   We canâ€™t wait to see you!  Pole love UEPF x,https://www.instagram.com/p/C3e3GvTIm34,Gemini thinks: isEvent,GPT3.5 thinks: isEvent,GPT4 thinks: isNotEvent
uepolefitness,17/02/2024 18:13,Our timetable for the week commencing 19/02.  â•Please Note â• Ticket sales will now stop an hour before classes start so ensure you have bought your tickets beforehand.  Tickets will be on sale Sunday the 18th on FIXR. As well as this tickets may be shown on FIXR before 6pm however they will become available for purchase at 6pm.  Monday Pole Practice: 10am - 11am Beginners: 1:45pm - 2:45pm Beginners (Sensory Friendly): 3pm - 4pm Conditioning: 4:15pm - 5pm  Tuesday Improvers: 11:30am - 12:30pm Stretching: 12:45pm - 1:30pm Spinning Pole (Beginners): 2pm - 3pm Boozy Bowling: 6:45pm - 9pm  Wednesday UEPF Spin City Class: 5:50pm - 7:05pm  Thursday Improvers: 10am - 11am Beginners: 12pm - 1pm Harrietâ€™s Flow: 1pm - 2:30pm  Friday Spinning Pole (Improvers): 11:15am - 12:15pm Intermediates: 12:30pm - 1:30pm  All classes will be in AR2.  Pole love UEPF x,https://www.instagram.com/p/C3dVA2yIZ-T,Gemini thinks: isNotEvent,GPT3.5 thinks: isNotEvent,GPT4 thinks: Unclassified
uepolefitness,11/02/2024 18:19,Here is your wrap up of the rest of Februaryâ€™s events!  We have three more socials lined up for you guys as well as a â€œGirls Night Inâ€ hosted by Exeterâ€™s AU President @exeaupresident.   More details on all these to follow!   Pole love  UEPF x,https://www.instagram.com/p/C3N44asLgH0,Gemini thinks: isNotEvent,GPT3.5 thinks: isNotEvent,GPT4 thinks: Unclassified
uepolefitness,10/02/2024 15:33,With Valentines just around the corner weâ€™re celebrating the season of love with a jewellery making social ğŸ’Œ  Join us on Tuesday the 13th of February for a crafty evening from 6pm - 8pm at the Sunset Society.  This is a ticketed event and these will be released tomorrow (Sunday 11th). Tickets will be Â£2 each.  We canâ€™t wait to see you!  Pole love UEPF x,https://www.instagram.com/p/C3LBIPvoaJV,Gemini thinks: isEvent,GPT3.5 thinks: isEvent,GPT4 thinks: isEvent
uepolefitness,09/02/2024 18:45,Our timetable for the week commencing 12/02.  Please note Spinning Pole on Tuesday will be for those at Beginner level and Spinning Pole on Friday will be for those at Improver Level.  In celebration of Valentines we are holding doubles classes for you to attend with your loved ones (platonic or romantic). The classes will teach doubles moves on the poles. Tickets will be Â£5 + the Fixr fee and one ticket will admit two people.   Please attend the class relevant to the lowest ability of the pair: e.g. if youâ€™re Improver level but youâ€™re bringing someone new to pole please attend a Beginners class.  Tickets will be on sale Sunday the 11th on FIXR. As well as this tickets may be shown on FIXR before 6pm however they will become available for purchase at 6pm.  Monday Pole Practice: 10am - 11am Beginners (Doubles): 1:45pm - 2:45pm Beginners (Sensory Friendly): 3pm - 4pm  Tuesday Improvers: 11:30am - 12:30pm Stretching: 12:45pm - 1:30pm Spinning Pole (Doubles for Beginners): 2pm - 3pm Flow (Heels Optional): 3:15pm - 4:45pm Jewellery Making Social: 6pm - 8pm  Wednesday UEPF Spin City Class: 5:50pm - 7:05pm  Thursday Improvers (Doubles): 10am - 11am Beginners: 12pm - 1pm  Friday Spinning (Doubles for Improvers): 11:15am - 12:15pm Returners: 12:30pm - 1:30pm  All classes will be in AR2.  Pole love UEPF x,https://www.instagram.com/p/C3IyQN0r-mY,Gemini thinks: isEvent,GPT3.5 thinks: isEvent,GPT4 thinks: isEvent
japanesesociety_exeter,26/02/2024 19:57,We are having our fourth Japanese lesson this Thursday feel free to join us!,https://www.instagram.com/p/C30sAJ_rN1z,Gemini thinks: isEvent,GPT3.5 thinks: isEvent,GPT4 thinks: isNotEvent
japanesesociety_exeter,18/02/2024 17:56,ï¼œ2/24ï¼ˆåœŸï¼‰ãƒ­ãƒ³ã‚­ãƒ£ãƒªå¯¾ç­–ã‚»ãƒŸãƒŠãƒ¼ï¼†å°‚ä»»è€…ã¨ã®Qï¼†Aåº§è«‡ä¼šé–‹å‚¬ï¼šãƒ–ãƒªã‚¹ãƒˆãƒ«å¤§å­¦ä¼šå ´ï¼  Bristolã€Bathã€Exeterã€Reading & Cardiffå¤§å­¦ã®æ—¥è‹±ãƒã‚¤ãƒªãƒ³ã‚¬ãƒ«å­¦ç”Ÿã®ã¿ãªã•ã‚“ã¸  ã„ã‚ˆã„ã‚ˆ4/13ï¼ˆåœŸï¼‰14ï¼ˆæ—¥ï¼‰ã«é–‹å‚¬ã®UKï¼†EUç”Ÿã‚’æ¡ç”¨ã—ãŸã„ä¼æ¥­ãŒå‚åŠ ã™ã‚‹ã€ãƒ­ãƒ³ã‚­ãƒ£ãƒªã€  ãšã°ã‚Šãƒ­ãƒ³ã‚­ãƒ£ãƒªã§çµæœã‚’å‡ºã™ãŸã‚ã®å…¬å¼æƒ…å ±ã‚’è§£èª¬ã—ã¾ã™ã€‚ é•·å¹´UK&EUç”Ÿã®ã‚­ãƒ£ãƒªã‚¢æ”¯æ´ã‚’æ‹…å½“ã—ã¦ã„ã‚‹CFNå‰ç”°éº»è¡£å­ã«ç›´æ¥ã”è³ªå•ã„ãŸã ã‘ã‚‹ã‚«ã‚¸ãƒ¥ã‚¢ãƒ«ãªQ&Aåº§è«‡ä¼šã‚‚ã”ç”¨æ„ã€‚  å­¦å¹´å•ã‚ãšå…¨ã¦ã®UKæ—¥è‹±ãƒã‚¤ãƒªãƒ³ã‚¬ãƒ«ã®ã¿ãªã•ã‚“ãŒå¯¾è±¡ã§ã™ã€‚  è©³ç´°ã¯æ·»ä»˜ã®ç”»åƒã‚¤ãƒ¡ãƒ¼ã‚¸ã‚’ã”å‚ç…§ãã ã•ã„ï¼ --------  ã€ãƒ­ãƒ³ã‚­ãƒ£ãƒªå¯¾ç­–ã‚»ãƒŸãƒŠãƒ¼ï¼†å°‚ä»»è€…ã¨ã®Qï¼†Aåº§è«‡ä¼šã€‘  2æœˆ24æ—¥ï¼ˆåœŸï¼‰14:00-16:30   å ´æ‰€ï¼šUniversity of BristolRoom: TBA  â–½äºˆç´„URL https://careerforum.net/ja/event/ldn/cfn_seminar/297/ --------  ãƒ­ãƒ³ã‚­ãƒ£ãƒª2024 4æœˆ13æ—¥(åœŸ)-14æ—¥(æ—¥)10:00 - 18:00 @Olympia West Level One  â–½å‚åŠ ä¼æ¥­ãƒªã‚¹ãƒˆï¼ˆä»Šå¾Œã‚‚æ±ºå®šæ¬¡ç¬¬ã‚¢ãƒƒãƒ—ãƒ‡ãƒ¼ãƒˆï¼‰ https://careerforum.net/ja/event/ldn/companylist_425/  â–½ãƒ­ãƒ³ã‚­ãƒ£ãƒªå‚åŠ ç™»éŒ² https://careerforum.net/ja/event/ldn/ --------,https://www.instagram.com/p/C3f3yCKsa8U,Gemini thinks: isEvent,GPT3.5 thinks: isEvent,GPT4 thinks: isEvent
japanesesociety_exeter,14/02/2024 19:51,ğŸ¼Round 2 of karaoke nightğŸ¤ Details as above. Get your free tickets on Fixr We hope to see you there!!,https://www.instagram.com/p/C3VxX8GrscP,Gemini thinks: isEvent,GPT3.5 thinks: isEvent,GPT4 thinks: isNotEvent
japanesesociety_exeter,05/02/2024 16:16,Hey everyone this is our first event for the term~movie night on Zom 100! Tickets are FREE please arrive at Newman purple LT at 6:45pm on 8/2 Thursday for the viewing. Post-movie we will be heading to Ram bar for some drinks ğŸ» see you there!,https://www.instagram.com/p/C2-OAw4Ig7p,Gemini thinks: isEvent,GPT3.5 thinks: isEvent,GPT4 thinks: isEvent
japanesesociety_exeter,24/01/2024 20:28,Guess whoâ€™s back? Itâ€™s me the pubsecğŸ¤   Celebrating the end of 1st term here are some pictures from our Christmas ballğŸ„ğŸŠ we will be hosting a greater variety of events in the 2nd term from sports to foodğŸ‘€ Stay tuned for our next social coming up next week!!,https://www.instagram.com/p/C2fxYYerGqk,Gemini thinks: isNotEvent,GPT3.5 thinks: isNotEvent,GPT4 thinks: Unclassified
japanesesociety_exeter,11/12/2023 15:56,ã€å‚åŠ ä¼æ¥­ã®æƒ…å ±è§£ç¦ç¬¬ï¼‘å¼¾ğŸ‰ï¼šã€Œéƒ½å¸‚ãƒ»åœ°åŸŸãƒ»ç’°å¢ƒã€ã‚’ãƒ†ãƒ¼ãƒã¨ã™ã‚‹ã‚·ãƒ³ã‚¯ã‚¿ãƒ³ã‚¯ã‚³ãƒ³ã‚µãƒ«ã€‘ ãƒ†ã‚­ã‚µã‚¹å¤§å’ã§ç’°å¢ƒçœã®ãƒ—ãƒ­ã‚¸ã‚§ã‚¯ãƒˆæ‹…å½“ç¤¾å“¡ã¨è©±ã›ã‚‹ï¼ğŸŒŸ 12æœˆ22æ—¥ï¼ˆé‡‘ï¼‰äººæ°—æ¥­ç•Œç¤¾å“¡Ã—æµ·å¤–å¤§ç”Ÿé™å®šã€€å¯¾é¢äº¤æµä¼šé–‹å‚¬ï¼ æ±äº¬ ğŸ”½ã‚¨ãƒ³ãƒˆãƒªãƒ¼æ–¹æ³• https://mypage.fastoffer.co.jp/login ä¸Šè¨˜URLã‚ˆã‚ŠFAST OFFERãƒã‚¤ãƒšãƒ¼ã‚¸ã«ãƒ­ã‚°ã‚¤ãƒ³å¾Œã€æœ¬ã‚¤ãƒ™ãƒ³ãƒˆã®å¿œå‹Ÿãƒœã‚¿ãƒ³ã‚’ã‚¯ãƒªãƒƒã‚¯ä¸‹ã•ã„ã€‚ ã€€â€»ç™»éŒ²ãŒã¾ã ã®æ–¹ã¯ã€Œç™»éŒ²ãŒã¾ã ã®æ–¹ã¯ã“ã¡ã‚‰ã€ã‚’ã‚¯ãƒªãƒƒã‚¯ã—ã¦ä¸‹ã•ã„ã€‚  ï¼Šäººæ•°ãŒå¤šã„å ´åˆã¯æŠ½é¸ã¨ãªã‚‹å¯èƒ½æ€§ãŒã‚ã‚Šã¾ã™ã®ã§ã€ã”äº†æ‰¿ãã ã•ã„ã€‚  OBOGè¨ªå•ãŒé›£ã—ã„æµ·å¤–å¤§ç”Ÿã«å¥½è©•ã„ãŸã ã„ã¦ã„ã‚‹å¯¾é¢äº¤æµä¼šãŒä»Šå¹´ã¯å†¬ã«ã‚‚é–‹å‚¬ï¼  ğŸ•™2023å¹´12æœˆ22æ—¥ï¼ˆé‡‘ï¼‰13:30ï½16:30ï¼ˆäºˆå®šï¼‰ ğŸ“æ±äº¬å›½éš›ãƒ•ã‚©ãƒ¼ãƒ©ãƒ   ä»Šå›ã¯å‚åŠ ä¼æ¥­ã®æƒ…å ±è§£ç¦ç¬¬ï¼‘å¼¾ï¼ ã€Œéƒ½å¸‚ãƒ»åœ°åŸŸç¤¾ä¼šã€ã€Œç’°å¢ƒã€ã‚’ãƒ†ãƒ¼ãƒã¨ã™ã‚‹ã‚·ãƒ³ã‚¯ã‚¿ãƒ³ã‚¯ã‚³ãƒ³ã‚µãƒ«ã‚¿ãƒ³ãƒˆã®æ ªå¼ä¼šç¤¾ã‚¨ãƒƒã‚¯ã‚¹éƒ½å¸‚é–‹ç™ºç ”ç©¶æ‰€ã®ã”ç´¹ä»‹ã§ã™ã€‚  ï¼‘ï¼‰ç™»å£‡è€…  ğŸ”´éƒ¨ç½²åï¼šç’°å¢ƒæ”¿ç­–ç ”ç©¶æœ¬éƒ¨å›½éš›ç’°å¢ƒæ”¿ç­–ãƒãƒ¼ãƒ   ğŸ”´å‡ºèº«å¤§å­¦ï¼šç±³å›½ãƒ†ã‚­ã‚µã‚¹å¤§å­¦ã‚ªãƒ¼ã‚¹ãƒ†ã‚£ãƒ³æ ¡å¤§å­¦é™¢  ğŸ”´å‹¤å‹™å¹´æ•°ï¼šï¼—å¹´  ğŸ”´æ¥­å‹™å†…å®¹ï¼šä¸»ã«ç’°å¢ƒçœã‚’é¡§å®¢ã¨ã—ãŸå›½éš›ç’°å¢ƒæ¡ç´„ã‚„å¤šå›½é–“ç’°å¢ƒå”å®šç­‰ã«é–¢ã™ã‚‹å›½éš›äº¤æ¸‰ã€å›½å†…å®Ÿæ–½ã€é€”ä¸Šå›½æ”¯æ´æ¥­å‹™  ï¼’ï¼‰å½“æ—¥äº¤æµä¼šå‚åŠ è€…å‘ã‘ç‰¹å…¸ãƒ»ã‚¤ãƒ™ãƒ³ãƒˆæƒ…å ±  ç‰¹å…¸ï¼šã€€ä¸€æ¬¡å¯©æŸ»é€šéç¢ºç´„  ã‚¤ãƒ™ãƒ³ãƒˆï¼šã€€ã‚ªãƒ¼ãƒ—ãƒ³ãƒ»ã‚«ãƒ³ãƒ‘ãƒ‹ãƒ¼ã®ã”æ¡ˆå†…   ã€ã‚³ãƒ³ã‚µãƒ«ï¼šæ ªå¼ä¼šç¤¾ã‚¨ãƒƒã‚¯ã‚¹éƒ½å¸‚é–‹ç™ºç ”ç©¶æ‰€ã«ã¤ã„ã¦ã€‘ æ ªå¼ä¼šç¤¾ã‚¨ãƒƒã‚¯ã‚¹éƒ½å¸‚ç ”ç©¶æ‰€ã¯ã€ã€Œè„±ç‚­ç´ ç¤¾ä¼šã®å®Ÿç¾ã€æŒç¶šå¯èƒ½ãªç¤¾ä¼šã®æ§‹ç¯‰ã€ã‚’ç›®æ¨™ã«æ²ã’ã€ç¤¾ä¼šèª²é¡Œè§£æ±ºã«å‘ã‘ã¦ç’°å¢ƒã¥ãã‚Šã‚„éƒ½å¸‚ãƒ»åœ°åŸŸã¥ãã‚Šã‚’è¡Œã£ã¦ã„ã‚‹ä¼šç¤¾ã§ã™ã€‚ å»ƒæ£„ç‰©ç®¡ç†ãƒ»è³‡æºå¾ªç’°ã€åŒ–å­¦ç‰©è³ªãƒ»ç’°å¢ƒãƒªã‚¹ã‚¯ç®¡ç†ã€æµ·æ´‹ãƒ—ãƒ©ã‚¹ãƒãƒƒã‚¯ã€ å¤§æ°—ãƒ»åœŸå£Œãƒ»æ°´ç’°å¢ƒãªã©ã®åˆ†é‡ã«ãŠã„ã¦ã€èª¿æŸ»ç ”ç©¶ç­‰æ¥­å‹™ï¼ˆèª¿æŸ»ç ”ç©¶ã€è¨ˆç”»ç«‹æ¡ˆã€äº‹æ¥­æ¨é€²ãªã©ï¼‰ã‚’è¡Œã£ãŸã‚Šã€å•é¡Œè§£æ±ºã«å‘ã‘ãŸã‚½ãƒªãƒ¥ãƒ¼ã‚·ãƒ§ãƒ³ã®æç¤ºã‚’ã™ã‚‹ã‚³ãƒ³ã‚µãƒ«ãƒ†ã‚£ãƒ³ã‚°ã€ã‚·ãƒ³ã‚¯ã‚¿ãƒ³ã‚¯ã¨ã—ã¦ã®å½¹å‰²ã€ã•ã‚‰ã«ç’°å¢ƒé–¢é€£æ–½è¨­ã®è¨­è¨ˆãªã©ã‚¨ãƒ³ã‚¸ãƒ‹ã‚¢ãƒªãƒ³ã‚°ä¼šç¤¾ã¨ã—ã¦ã®å½¹å‰²ã‚‚æ‹…ã£ã¦ã„ã¾ã™ã€‚ ä¼æ¥­ã‚¦ã‚§ãƒ–ã‚µã‚¤ãƒˆï¼šhttps://www.exri.co.jp/recruit  ğŸ”½äº¤æµä¼šã‚¤ãƒ™ãƒ³ãƒˆå¯¾è±¡è€… æµ·å¤–å¤§å­¦ã«åœ¨ç±ã‚’ã—ã¦ã„ã‚‹æ­£è¦ç•™å­¦ç”Ÿã§æ—¥æœ¬èªãƒã‚¤ãƒ†ã‚£ãƒ–ã®æ–¹ ï¼ˆè·å‹™çµŒé¨“ã®ãªã„æ–¹ï¼‰ â€»ä»Šå›ã®ã‚¤ãƒ™ãƒ³ãƒˆã¯äº¤æ›ç•™å­¦ç”Ÿã‚’å¯¾è±¡ã¨ã—ã¦ãŠã‚Šã¾ã›ã‚“ã€‚ã”äº†æ‰¿ä¸‹ã•ã„ã€‚  ğŸ”½ã‚¨ãƒ³ãƒˆãƒªãƒ¼æœŸé™ æ—¥æœ¬æ™‚é–“12æœˆ17æ—¥ï¼ˆæ—¥ï¼‰23:59  ï¼œãŠå•ã„åˆã‚ã›å…ˆï¼ FAST OFFERäº‹å‹™å±€ fastoffer@asiatojapan.com,https://www.instagram.com/p/C0t_Tp5M0TN,Gemini thinks: isEvent,GPT3.5 thinks: isEvent,GPT4 thinks: isEvent
japanesesociety_exeter,28/11/2023 18:40,ï¼œ12/3ï¼ˆæ—¥ï¼‰ãƒ­ãƒ³ã‚­ãƒ£ãƒªå†…å®šè€…ã‚¦ã‚§ãƒ“ãƒŠãƒ¼é–‹å‚¬ï¼100åè¿‘ããŒäºˆç´„æ¸ˆã¿ï¼šãƒ¬ã‚¸ãƒ¥ãƒ¡å…¬é–‹ï¼†ã‚³ãƒ„ã‚’è§£èª¬ï¼  æ—¥è‹±ãƒã‚¤ãƒªãƒ³ã‚¬ãƒ«å­¦ç”Ÿã®ã¿ãªã•ã‚“ãŒãã®å ´ã§ã‚°ãƒ­ãƒ¼ãƒãƒ«ä¼æ¥­ã‹ã‚‰å†…å®šã‚’å¾—ã‚‹ã“ã¨ãŒã§ãã‚‹å°±æ´»ã‚¤ãƒ™ãƒ³ãƒˆï¼CareerForumã‚’ä¼ç”»é‹å–¶ã—ã¦ã„ã‚‹(æ ª)ãƒ‡ã‚£ã‚¹ã‚³CFNã‹ã‚‰ã®å¤§åˆ‡ãªãŠçŸ¥ã‚‰ã›ã§ã™ã€‚  10æœˆ1æ—¥ã‹ã‚‰UKå…¨åœŸã‚„ã‚¦ã‚§ãƒ“ãƒŠãƒ¼ã§é–‹å‚¬ã—ãŸã€ã‚­ãƒ£ãƒªã‚¢ãƒ•ã‚©ãƒ¼ãƒ©ãƒ åŸºç¤å¯¾ç­–ã‚»ãƒŸãƒŠãƒ¼ã€ã«ã¯900åè¿‘ã„UKï¼†EUç”ŸãŒå‚åŠ ã•ã‚Œã¾ã—ãŸã€‚ ä»Šå›å†…å®šè€…ã¨ã—ã¦ç™»å ´ã—ã¦ãã‚Œã‚‹2äººã®UKç”Ÿã‚‚ã€ã¡ã‚‡ã†ã©ä¸€å¹´å‰ã®æœ¬ã‚»ãƒŸãƒŠãƒ¼ã«å‚åŠ ã•ã‚Œã€ã€Œè¤‡æ•°CFæ´»ç”¨è¡“ã€ï¼†ã€Œ5ã¤ã®æº–å‚™ã€ã‚’ãƒ™ãƒ¼ã‚¹ã«æº–å‚™ã‚’é€²ã‚ã€è¦‹äº‹ãƒ­ãƒ³ã‚­ãƒ£ãƒªã§å†…å®šã‚’ç²å¾—ã—ã¾ã—ãŸï¼  ãƒ­ãƒ³ã‚­ãƒ£ãƒªã«å‘ã‘ã¦ã€ã“ã®å†¬ã¯ã©ã‚“ãªæº–å‚™ã‚’é€²ã‚ã¦ãŠãã¹ãã§ã™ã‹ï¼Ÿã€ã¨ã¿ãªã•ã‚“ã‹ã‚‰ã”è³ªå•ãŒå±Šã„ã¦ã„ã¾ã™ã€‚  ä»Šã®ã“ã®ã‚¿ã‚¤ãƒŸãƒ³ã‚°ã‹ã‚‰ã©ã‚“ãªæº–å‚™ã‚’ã—ã¦ã„ãŸã‹ã‚’2äººã®å…·ä½“çš„ãªçµŒé¨“ã‚’èã„ã¦ã€ç¢ºå®Ÿã«æº–å‚™ã‚’é€²ã‚ã¦è¡Œãã¾ã—ã‚‡ã†ï¼ é¸è€ƒãŒé€šã£ãŸCFNãƒ¬ã‚¸ãƒ¥ãƒ¡ã‚‚ç‰¹åˆ¥ã«å…¬é–‹ã—ã¦ãã‚Œã¾ã™ã€‚  é¡”ã®è¦‹ãˆã‚‹ãƒŸãƒ¼ãƒ†ã‚£ãƒ³ã‚°å½¢å¼ã§å®Ÿæ–½ã™ã‚‹ãŸã‚ã€å†…å®šè€…ã®2äººã«ç›´æ¥è³ªå•ãŒã§ãã‚‹ã®ã‚‚æ¯å›äººæ°—ã®ç†ç”±ã§ã™ï¼  æ—¥æ™‚ï¼š12/3ï¼ˆæ—¥ï¼‰12:00-13:30ï¼ˆGMTï¼‰13:00-14:30ï¼ˆCETï¼‰ äºˆç´„ï¼šhttps://careerforum.net/ja/event/ldn/cfn_seminar/280/ ï¼ˆäºˆç´„æ æ•°ã«é™ã‚ŠãŒã‚ã‚Šã€å…ˆç€é †ã¨ãªã‚Šã¾ã™ï¼‰  ç•™å­¦ã®å½¢æ…‹ã‚„å›½ç±ã‚‚å•ã‚ãšã€å…¨ã¦ã®å­¦å¹´ã®ã¿ãªã•ã‚“ã«å‚åŠ ã„ãŸã ã‘ã¾ã™ï¼ æ—©ã‚ã«æº–å‚™ã‚’é–‹å§‹ã—ã¦ã„ã‚‹æ–¹ãŒå¤šã„UK&EUã‚¨ãƒªã‚¢ã§ã¯ã€æ¯å›ä½å­¦å¹´ã®æ–¹ã‚‚å‚åŠ ã•ã‚Œã¦ã„ã¾ã™ã€‚  ----- ãŠå•ã„åˆã‚ã› (æ ª)ãƒ‡ã‚£ã‚¹ã‚³ CFNã€€å‰ç”°éº»è¡£å­ ãƒ¡ãƒ¼ãƒ«ï¼šlcf-seminar@disc.co.jp ï¼ˆç›´é€šï¼‰,https://www.instagram.com/p/C0MzsOLMDww,Gemini thinks: isEvent,GPT3.5 thinks: isEvent,GPT4 thinks: isEvent
japanesesociety_exeter,28/11/2023 18:37,ã€ã‚³ãƒ³ã‚µãƒ«ãƒ»ç·åˆå•†ç¤¾ãƒ»ç¤¾ä¼šèª²é¡Œè§£æ±ºã«èˆˆå‘³ã‚ã‚‹æµ·å¤–å¤§ç”Ÿå¿…è¦‹âœ…ã€‘ 12æœˆ22æ—¥ï¼ˆé‡‘ï¼‰äººæ°—æ¥­ç•Œç¤¾å“¡Ã—æµ·å¤–å¤§ç”Ÿã€€å¯¾é¢äº¤æµä¼šé–‹å‚¬ï¼ æ±äº¬ OBOGè¨ªå•ãŒé›£ã—ã„æµ·å¤–å¤§ç”Ÿã«å¥½è©•ã„ãŸã ã„ã¦ã„ã‚‹å¯¾é¢äº¤æµä¼šãŒä»Šå¹´ã¯å†¬ã«ã‚‚é–‹å‚¬ï¼å°±æ´»çœŸã£åªä¸­ã®æ–¹ã‚‚ä½å­¦å¹´ã‚‚å¤§æ­“è¿ğŸ‰ â–¼ã‚¨ãƒ³ãƒˆãƒªãƒ¼æ–¹æ³• https://mypage.fastoffer.co.jp/login ä¸Šè¨˜URLã‚ˆã‚ŠFAST OFFERãƒã‚¤ãƒšãƒ¼ã‚¸ã«ãƒ­ã‚°ã‚¤ãƒ³å¾Œã€æœ¬ã‚¤ãƒ™ãƒ³ãƒˆã®å¿œå‹Ÿãƒœã‚¿ãƒ³ã‚’ã‚¯ãƒªãƒƒã‚¯ä¸‹ã•ã„ã€‚ ã€€â€»ç™»éŒ²ãŒã¾ã ã®æ–¹ã¯ã€Œç™»éŒ²ãŒã¾ã ã®æ–¹ã¯ã“ã¡ã‚‰ã€ã‚’ã‚¯ãƒªãƒƒã‚¯ã—ã¦ä¸‹ã•ã„ã€‚  ï¼Šäººæ•°ãŒå¤šã„å ´åˆã¯æŠ½é¸ã¨ãªã‚‹å¯èƒ½æ€§ãŒã‚ã‚Šã¾ã™ã®ã§ã€ã”äº†æ‰¿ãã ã•ã„ã€‚  ğŸ”µã‚¤ãƒ™ãƒ³ãƒˆé–‹å‚¬æ—¥æ™‚ 2023å¹´12æœˆ22æ—¥ï¼ˆé‡‘ï¼‰13:30ï½16:30ï¼ˆäºˆå®šï¼‰  ğŸŸ¡å‚åŠ ä¼æ¥­ ä¸‰è±å•†äº‹æ ªå¼ä¼šç¤¾ï¼ˆç·åˆå•†ç¤¾ï¼‰ æ ªå¼ä¼šç¤¾ICMGï¼ˆã‚³ãƒ³ã‚µãƒ«ï¼‰ æ ªå¼ä¼šç¤¾ã‚¨ãƒƒã‚¯ã‚¹éƒ½å¸‚é–‹ç™ºç ”ç©¶æ‰€ï¼ˆã‚³ãƒ³ã‚µãƒ«ï¼‰  ğŸŸ£å¯¾è±¡è€… æµ·å¤–å¤§å­¦ã«åœ¨ç±ã‚’ã—ã¦ã„ã‚‹æ­£è¦ç•™å­¦ç”Ÿã§æ—¥æœ¬èªãƒã‚¤ãƒ†ã‚£ãƒ–ã®æ–¹ ï¼ˆè·å‹™çµŒé¨“ã®ãªã„æ–¹ï¼‰ â€»ä»Šå›ã®ã‚¤ãƒ™ãƒ³ãƒˆã¯äº¤æ›ç•™å­¦ç”Ÿã‚’å¯¾è±¡ã¨ã—ã¦ãŠã‚Šã¾ã›ã‚“ã€‚ã”äº†æ‰¿ä¸‹ã•ã„ã€‚  ğŸŸ¢ã“ã‚“ãªæ–¹ã«ã‚ªã‚¹ã‚¹ãƒ¡ ãƒ»ä¼æ¥­ã®ã‚¦ã‚§ãƒ–ã‚µã‚¤ãƒˆã ã‘ã§ã¯ãªã‹ãªã‹å„æ¥­ç•Œã€ä¼æ¥­ã®ã“ã¨ãŒç†è§£ã—ã¥ã‚‰ã„ã¨æ€ã£ã¦ã„ã‚‹æ–¹ ãƒ»ã‚³ãƒ³ã‚µãƒ«ãƒ»ç·åˆå•†ç¤¾ãƒ»ç¤¾ä¼šèª²é¡Œè§£æ±ºä¼æ¥­ã§ã®å®Ÿéš›ã®ä»•äº‹å†…å®¹ãŒçŸ¥ã‚ŠãŸã„æ–¹ ãƒ»ã‚¦ã‚§ãƒ–ã§ã®èª¬æ˜ä¼šã€ã‚¤ãƒ™ãƒ³ãƒˆã«ã¯é£½ããŸã‹ã‚‰å¯¾é¢ã§äº¤æµã—ãŸã„æ–¹  ğŸ”´ã‚¤ãƒ™ãƒ³ãƒˆã®ç‰¹å¾´ ãƒ»æ¥­å‹™å†…å®¹ã‚„ã‚­ãƒ£ãƒªã‚¢ãƒ‘ã‚¹ãªã©å„ä¼æ¥­ã”ã¨ã«å…·ä½“çš„ãªåƒãã‚¤ãƒ¡ãƒ¼ã‚¸ãŒã¤ã‹ã‚ã¾ã™ ãƒ»å„ç¤¾15åˆ†é–“ã®ä¼šç¤¾èª¬æ˜å¾Œã€8åç¨‹åº¦ã®æœºã«1åã®ç¤¾å“¡ã«ã¤ã„ã¦ã‚‚ã‚‰ã„åº§è«‡ä¼šã‚’å®Ÿæ–½ã™ã‚‹ãŸã‚ã€å¯†ãªã‚³ãƒŸãƒ¥ãƒ‹ã‚±ãƒ¼ã‚·ãƒ§ãƒ³ãŒå¯èƒ½ï¼ ãƒ»ä»–æµ·å¤–å¤§ç”Ÿã¨ã®æƒ…å ±å…±æœ‰ã‚‚å¯èƒ½ã§ã™  ğŸŸ é–‹å‚¬å ´æ‰€ æ±äº¬å›½éš›ãƒ•ã‚©ãƒ¼ãƒ©ãƒ  ï¼ˆä½æ‰€ï¼šã€’100-0005ã€€æ±äº¬éƒ½åƒä»£ç”°åŒºä¸¸ã®å†…3ä¸ç›®5ç•ª1å·ï¼‰ â€»é–‹å‚¬äºˆå®šã®ãŠéƒ¨å±‹ã®è©³ç´°ã¯ã€ã‚¨ãƒ³ãƒˆãƒªãƒ¼ã®ã‚ã£ãŸæ–¹ã«å¾Œã»ã©è¿½ã£ã¦ã”é€£çµ¡ã„ãŸã—ã¾ã™ã€‚ â€»ä»Šå›ã¯20åç¨‹åº¦ã®å°è¦æ¨¡ã®é–‹å‚¬ã‚’äºˆå®šã—ã¦ãŠã‚Šã¾ã™  âš«ï¸è²»ç”¨ ä¸€åˆ‡ã‹ã‹ã‚Šã¾ã›ã‚“  âšªï¸æœè£…ãƒ»æŒã¡ç‰© ã‚¹ãƒ¼ãƒ„ä¸è¦ã€ç­†è¨˜ç”¨å…·  ğŸŸ¡ã‚¨ãƒ³ãƒˆãƒªãƒ¼æœŸé™ æ—¥æœ¬æ™‚é–“12æœˆ17æ—¥ï¼ˆæ—¥ï¼‰23:59  ï¼œãŠå•ã„åˆã‚ã›å…ˆï¼ FAST OFFERäº‹å‹™å±€ fastoffer@asiatojapan.com,https://www.instagram.com/p/C0MzX4SMo2O,Gemini thinks: isEvent,GPT3.5 thinks: isEvent,GPT4 thinks: isEvent
japanesesociety_exeter,28/11/2023 17:10,Thank you for all of those who came to our bowling and karaoke socials! We enjoyed your â€œstrikeâ€ing bowling skills and lovely singing. Do remember to purchase a ticket for our upcoming ğŸ„winter ball eventğŸ„in the link on our bio Hope to see you all soon!,https://www.instagram.com/p/C0MpaQnoZhv,Gemini thinks: isEvent,GPT3.5 thinks: isEvent,GPT4 thinks: isNotEvent
japanesesociety_exeter,25/11/2023 21:11,We are delighted to announce that you are cordially invited to one of our biggest events of the year~The Christmas ballâ˜ƒï¸ğŸ„ Join us for an evening filled with magicğŸª„  amazing food and an unforgettable memoryâœ¨ We have limited tickets so get yours in the bio!ğŸ« arrival drink is also included ğŸ‘€ Dress code: formal wear,https://www.instagram.com/p/C0FWj4mrM3c,Gemini thinks: isEvent,GPT3.5 thinks: isEvent,GPT4 thinks: isNotEvent
cool_runnings_exe,29/02/2024 16:16,Next week we have a joint social with @exebenchball! The theme is iconic duos so weâ€™ll be expecting some duets!! ğŸ™ï¸âœ¨ grab a free fixr ticket and we will match everyone with another cool runner via a q&a box on our instagram story. (Alternatively if you have someone specifically who you want to be paired with type in both your names together in the q&a box!) Looking foward to seeing some of you there! ğŸ¤© any questions just send us a dm ğŸ’š,https://www.instagram.com/p/C38BK7iosQz,Gemini thinks: isEvent,GPT3.5 thinks: isEvent,GPT4 thinks: isEvent
cool_runnings_exe,26/02/2024 21:07,Hey all! On thursday weâ€™ll be completing the Peep Lane fun run an Exeter tradition started by some locals 16 years ago that has continued ever since.   Every leap day a group of friends who lived near Peep lane (in between St Davids and Mill on the Exe) would race up it. Theyâ€™re now in their 60s and canâ€™t do it anymore but the tradition means a lot to them so they want someone to carry it on! And theyâ€™ve asked us!   Weâ€™ll meet at the bottom of forum hill (usual spot) and head down together. Weâ€™ll race up the lane and then head to impy where Dave one of the guys who started the tradition will join us. Theyâ€™re entrusting Cool Runnings with carrying on a long standing tradition and we donâ€™t want to let them down so it would be great to see as many of you guys there as possible :) It doesnâ€™t matter if you donâ€™t think youâ€™ve got a chance of winning its genuinely just for fun!! ğŸ’š,https://www.instagram.com/p/C300Dy7rlv7,Gemini thinks: isEvent,GPT3.5 thinks: isNotEvent,GPT4 thinks: Unclassified
cool_runnings_exe,25/02/2024 13:36,Hi hope everyone had a good week and enjoyed the film social on Wednesday! Hereâ€™s next weekâ€™s timetableâ€¦  On Tuesday we have a shit shirt social at Revs see the previous post for details :)  The Peep lane fun run is a local leap year tradition which the residents have invited us to get involved in and we will go to impy afterwards!  Next Sunday is the rescheduled date for the self development soc collab hopefully with better weather ğŸ¤  Hope everyone has a great week ğŸ’š,https://www.instagram.com/p/C3xbo5mIvfv,Gemini thinks: isNotEvent,GPT3.5 thinks: isNotEvent,GPT4 thinks: Unclassified
cool_runnings_exe,22/02/2024 17:11,Get your ugliest shirts ready because next week weâ€™re hosting a shit shirt social at revs! ğŸ¤© Optional TP trip afterwards (tbc)ğŸ•ºğŸ¼Limited tickets available (members only) - out on FIXR now!! ğŸŸï¸,https://www.instagram.com/p/C3qF67moMCp,Gemini thinks: isEvent,GPT3.5 thinks: isEvent,GPT4 thinks: isEvent
cool_runnings_exe,18/02/2024 21:47,Hi hope everyone had a good week hereâ€™s next weekâ€™s timetableâ€¦  On Wednesday evening we have a film night social in Newman lecture theatre at 7pm watching Cool Runnings!  On Sunday morning we have a run with self development soc at 11am followed by brunch :)  Have a great week and hope to see lots of you at runs and/or the social ğŸ’š,https://www.instagram.com/p/C3gSO7_IMpZ,Gemini thinks: isEvent,GPT3.5 thinks: isEvent,GPT4 thinks: isEvent
cool_runnings_exe,17/02/2024 13:34,Ever wondered why weâ€™re called Cool Runnings? Now is your chance to find out! ğŸ¤©  Join us on Wednesday for a chilled social watching the film - no ticket needed snacks provided ğŸ¿ğŸ¥¤,https://www.instagram.com/p/C3c1DtgoAPO,Gemini thinks: isEvent,GPT3.5 thinks: isEvent,GPT4 thinks: isEvent
cool_runnings_exe,12/02/2024 08:40,Exeter half marathon âœ…ğŸ‰  Huge well done to everyone to took part! The turn out for Cool Runnings this year was better than weâ€™ve ever had so thank you so much. We were probably the biggest club at the event which is amazing! Weâ€™re so proud of the success of the society this year thank you all for being part of it! ğŸ¥³,https://www.instagram.com/p/C3PbbAVITaT,Gemini thinks: isNotEvent,GPT3.5 thinks: isNotEvent,GPT4 thinks: Unclassified
cool_runnings_exe,11/02/2024 13:52,Congratulations to our HM runners and hope everyone enjoyed the social last night! Hereâ€™s next weekâ€™s timetableâ€¦ Next Saturday we will be doing more parkrun tourism this time to Exmouth :) Hope everyone has a good week ğŸ’š,https://www.instagram.com/p/C3NaXp3o-hc,Gemini thinks: isNotEvent,GPT3.5 thinks: isNotEvent,GPT4 thinks: Unclassified
cool_runnings_exe,06/02/2024 15:46,Hey all!! On saturday weâ€™ll be celebrating finishing the Half Marathon at Stokes Arms at 7pm! Theyâ€™ll be games optional karaoke and anyone who wants can order food. This social is open to any members whether you did the half or not! Free to attend no ticket required!   This means karaoke on Wednesday will no longer be going ahead and weâ€™ll incorporate it into Saturday instead. Sorry to everyone who had planned for Wednesday if youâ€™re free please join us on Saturday instead!!   See you there! ğŸ»ğŸŸğŸ¤   PS: if people want to we can also go for brunch/lunch after the race too but weâ€™ll arrange this on the day! ğŸ¥,https://www.instagram.com/p/C3AvYk1ISdd,Gemini thinks: isEvent,GPT3.5 thinks: isEvent,GPT4 thinks: isEvent
cool_runnings_exe,04/02/2024 17:46,Hi hope everyone had a good week hereâ€™s next weekâ€™s timetableâ€¦ On Wednesday we have a karaoke social (see previous post for details)! Good luck to all our HM runners for Saturday and feel free to join us for lunch after :) Hope everyone has a great week ğŸ’š,https://www.instagram.com/p/C27zkNhLZ4a,Gemini thinks: isNotEvent,GPT3.5 thinks: isNotEvent,GPT4 thinks: Unclassified
ukrsocexeter,16/09/2023 18:04,Introducing our 2023-24 Committee! ğŸ’™ğŸ’›,https://www.instagram.com/p/CxQxfx_r4rT,Gemini thinks: isNotEvent,GPT3.5 thinks: isNotEvent,GPT4 thinks: Unclassified
ukrsocexeter,27/02/2024 01:15,Dear Friends  We invite you to visit our exhibition dedicated to the second anniversary of the war in Ukraine.   Find us in the Forum on February 27th & 28th.  Glory to Ukraine!  #ExeterUkrainianSociety #UoE #UniversityOfExeter #UkraineInExeter  #StudentLife #Community #War,https://www.instagram.com/p/C31QaS5iMuX,Gemini thinks: isEvent,GPT3.5 thinks: isEvent,GPT4 thinks: isEvent
ukrsocexeter,24/02/2024 22:33,2 Years of Full Scale War in Ukraine ğŸ‡ºğŸ‡¦   On February 24 2024 Ukraine is experiencing the second commemoration of a full-scale war caused by russia. Exactly two years ago we woke up in a different reality. Since that time Ukrainians have witnessed tragedies and triumphs losses and gains defeats and victories. Each of us has moments that are most memorable during a full-scale invasion.  #ExeterUkrainianSociety #UoE #UniversityOfExeter #UkraineInExeter  #StudentLife #Community #Fundraising #War,https://www.instagram.com/p/C3v0Uq5Si20,Gemini thinks: isNotEvent,GPT3.5 thinks: isNotEvent,GPT4 thinks: Unclassified
ukrsocexeter,17/02/2024 12:26,Christmas Presents for Kids Charity Project Report  Thank you to everyone who participated in our charity project for Ukrainian kids!   We were able to make three children happy before the Christmas holidays: Evgenia who received a barbie doll Roman who received a laptop and Emma who received stylus and a set of professional pencils! ğŸ˜Š   Many thanks to you and your donations! We wouldnâ€™t be able to make it possible without you!  Thank you @lboro_ukrainian for such a great initiative!  We are also super grateful to our volunteers @oleni.mukolaya who delivered these gifts to such dangerous areas!  Glory to Ukraine!  #ExeterUkrainianSociety #UoE #UniversityOfExeter #UkraineInExeter  #StudentLife #Community #Fundraising #Charity,https://www.instagram.com/p/C3ctSQ3ozXz,Gemini thinks: isNotEvent,GPT3.5 thinks: isNotEvent,GPT4 thinks: Unclassified
ukrsocexeter,12/02/2024 11:48,What does your imagination draw when you hear the phrase Â«Ukrainian foodÂ»?   We can say with high probability that you imagine borsch and dumplings ğŸ˜„.   Of course we are proud that the recipe of Ukrainian borsch is a UNESCO heritage but we decided that you need to know more about how delicious diverse and colourful our cuisine is!   We offer you a list of 9 dishes of our cuisine that are little known to foreigners which are not only delicious but also super healthy!   #ukrainianfood #ukrainiancuisine #ukrainiandishes #ukrainian #ukraine #food #cooking #recipe #nutrition #tasty #ukrsocexeter #ukrainiansociety #universityofexeter,https://www.instagram.com/p/C3Pw6JwoMx1,Gemini thinks: isNotEvent,GPT3.5 thinks: isNotEvent,GPT4 thinks: Unclassified
ukrsocexeter,11/02/2024 20:01,Valentineâ€™s Day Party ğŸ’–  Join us this Friday for an amazing Valentineâ€™s Day Party in collaboration with @uzbsoc_exe   ğŸ“… Date: February 16th ğŸ•• Time: 9PM ğŸ“ Location: Revolution  ğŸ‘—Dress-code: Coctail Dress  ğŸŸï¸ Tickets: Check out the FIXR link in our Stories and Whatsapp Chat  See you there! ğŸ‡ºğŸ‡¦  #ExeterUkrainianSociety #UoE #UniversityOfExeter #UkraineInExeter  #StudentLife #community,https://www.instagram.com/p/C3OEkZfLC0Z,Gemini thinks: isEvent,GPT3.5 thinks: isEvent,GPT4 thinks: isEvent
ukrsocexeter,11/02/2024 02:39,A quote from Oleksa Tyhyi:  Â«It had to be me - so that my compatriots from Donbas give not only coal steel cars wheat... So that my Donetsk region gives not only football fans fatherless scientists russian-speaking engineers agronomists doctors teachers but also Ukrainian specialists-patriots Ukrainian poets and writers composers and actorsÂ».  #ExeterUkrainianSociety #UoE #UniversityOfExeter #UkraineInExeter  #StudentLife #community,https://www.instagram.com/p/C3MNTCPIicP,Gemini thinks: isNotEvent,GPT3.5 thinks: isNotEvent,GPT4 thinks: Unclassified
ukrsocexeter,07/02/2024 15:42,Bowling Night ğŸ³  Join us this Friday for a Bowling Night Social to spend a fun evening with your beloved friends.  ğŸ“… Date: February 9th ğŸ•• Time: 6PM ğŸ“ Location: Tenpin Exeter  ğŸŸï¸ Tickets: DM us to sign up  See you there! ğŸ‡ºğŸ‡¦  #ExeterUkrainianSociety #UoE #UniversityOfExeter #UkraineInExeter  #StudentLife #Community,https://www.instagram.com/p/C3DTxnioe5Q,Gemini thinks: isEvent,GPT3.5 thinks: isEvent,GPT4 thinks: isEvent
ukrsocexeter,01/02/2024 12:52,EuroVision Vidbir 2024 ğŸ‡ºğŸ‡¦ğŸ¤  Join us this Saturday for a Watch Party of Ukrainian EuroVision National Selection 2024 in collaboration with @eurovision_exe   ğŸ“… Date: Saturday 3rd ğŸ•• Time: 4PM ğŸ“ Location: The Neighbourhood Accommodation   See you there! ğŸ‡ºğŸ‡¦  #ExeterUkrainianSociety #UoE #UniversityOfExeter #UkraineInExeter  #StudentLife #Community #EuroVision #EuroVision2024 #EuroVisionSociety,https://www.instagram.com/p/C2zjgacIrEn,Gemini thinks: isEvent,GPT3.5 thinks: isEvent,GPT4 thinks: isEvent
ukrsocexeter,30/01/2024 17:25,Pizza Night ğŸ•  Join us this Friday for a Pizza Night Social to spend an amazing evening with tasty pizza and your beloved friends.  ğŸ“… Date: February 2nd ğŸ•• Time: 8PM ğŸ“ Location: The Depot Accommodation  ğŸŸï¸ Tickets: Â£6  â—ï¸DM us to get your ticket  See you there! ğŸ‡ºğŸ‡¦  #ExeterUkrainianSociety #UoE #UniversityOfExeter #UkraineInExeter  #StudentLife #Community,https://www.instagram.com/p/C2u5I2hoQFe,Gemini thinks: isEvent,GPT3.5 thinks: isEvent,GPT4 thinks: isEvent
kpopsocexe,04/02/2024 08:02,ğŸ’– Summer Dance Showcase! ğŸ’–  After the huge success of our Winter Dance Showcase we are so excited to announce the confirmation of our next one! â˜€ï¸  If you love dancing to your favourite K-Pop songs with your friends and want to perform them in front of other members of the society in a fantastic venue now is your chance! ğŸ¤© We canâ€™t wait to see what you decide to perform! ğŸ«¶  ğŸ—“ï¸ Monday 10th June â° 5:30PM-9:30PM ğŸ“ Exeter Phoenix Gandy Street  DETAILS: ğŸ’– The sign up sheet will be released in our WhatsApp group chat; stay tuned!  ğŸ’– Members can sign up for a total of 3 dances. ğŸ’– Non-members can sign up for a total of 2 dances. ğŸ’– Please include your contact number on the sign up sheet so everyone can be added to a dancers group chat. We will be sending out relevant information to this chat. ğŸ’– If you want practice spaces in Cornwall House or Devonshire House please message Emily Charlie or Ella via WhatsApp so they can pass on relevant details regarding bookings. ğŸ’– Ticket details to be announced closer to the date.  Thank you to @exeterphoenix for hosting us again! ğŸ¥°,https://www.instagram.com/p/C26wrXjNDSU,Gemini thinks: isEvent,GPT3.5 thinks: isNotEvent,GPT4 thinks: Unclassified
kpopsocexe,04/02/2024 08:01,ğŸ’– Summer Dance Showcase! ğŸ’–  After the huge success of our Winter Dance Showcase we are so excited to announce the confirmation of our next one! â˜€ï¸  If you love dancing to your favourite K-Pop songs with your friends and want to perform them in front of other members of the society in a fantastic venue now is your chance! ğŸ¤© We canâ€™t wait to see what you decide to perform! ğŸ«¶  ğŸ—“ï¸ Monday 10th June â° 5:30PM-9:30PM ğŸ“ Exeter Phoenix Gandy Street  DETAILS: ğŸ’– The sign up sheet will be released in our WhatsApp group chat; stay tuned!  ğŸ’– Members can sign up for a total of 3 dances. ğŸ’– Non-members can sign up for a total of 2 dances. ğŸ’– Please include your contact number on the sign up sheet so everyone can be added to a dancers group chat. We will be sending out relevant information to this chat. ğŸ’– If you want practice spaces in Cornwall House or Devonshire House please message Emily Charlie or Ella via WhatsApp so they can pass on relevant details regarding bookings. ğŸ’– Ticket details to be announced closer to the date.  Thank you to @exeterphoenix for hosting us again! ğŸ¥°,https://www.instagram.com/p/C26woszNwUB,Gemini thinks: isEvent,GPT3.5 thinks: isNotEvent,GPT4 thinks: Unclassified
kpopsocexe,04/02/2024 08:01,ğŸ’– Summer Dance Showcase! ğŸ’–  After the huge success of our Winter Dance Showcase we are so excited to announce the confirmation of our next one! â˜€ï¸  If you love dancing to your favourite K-Pop songs with your friends and want to perform them in front of other members of the society in a fantastic venue now is your chance! ğŸ¤© We canâ€™t wait to see what you decide to perform! ğŸ«¶  ğŸ—“ï¸ Monday 10th June â° 5:30PM-9:30PM ğŸ“ Exeter Phoenix Gandy Street  DETAILS: ğŸ’– The sign up sheet will be released in our WhatsApp group chat; stay tuned!  ğŸ’– Members can sign up for a total of 3 dances. ğŸ’– Non-members can sign up for a total of 2 dances. ğŸ’– Please include your contact number on the sign up sheet so everyone can be added to a dancers group chat. We will be sending out relevant information to this chat. ğŸ’– If you want practice spaces in Cornwall House or Devonshire House please message Emily Charlie or Ella via WhatsApp so they can pass on relevant details regarding bookings. ğŸ’– Ticket details to be announced closer to the date.  Thank you to @exeterphoenix for hosting us again! ğŸ¥°,https://www.instagram.com/p/C26wmIjNELy,Gemini thinks: isEvent,GPT3.5 thinks: isNotEvent,GPT4 thinks: Unclassified
kpopsocexe,28/02/2024 09:57,ğŸ’œ Prospective Committee Meeting! ğŸ’œ  We hope youâ€™ve enjoyed your time with our society so far this year! ğŸ¥° If youâ€™ve liked the events youâ€™ve participated in why not consider joining our committee for 2024/25? ğŸ¤© We are hosting a chill and low-key meet up for anyone interested in being a part of our committee and it will be a chance for you to ask questions about what roles you can sign up for what our responsibilities are and to see if it will be something youâ€™d like doing ğŸ’• If you have any questions before Friday please feel free to reach out to us here or you can send a message via WhatsApp! If you are unable to make the meeting donâ€™t worry! Weâ€™ll be creating a group chat afterwards that you can join and you can ask questions and talk to us that way â˜ºï¸  ğŸ—“ï¸ Friday 1st March â° 12-2PM ğŸ“ iSCA Eats The Lemon Grove  If you arenâ€™t interested in being a part of the committee but want an opportunity to hang out with people before our upcoming dance tutorial feel free to come along after 2PM for an opportunity to get food and socialise with people! ğŸ«¶,https://www.instagram.com/p/C34w-RaN7Sv,Gemini thinks: isEvent,GPT3.5 thinks: isNotEvent,GPT4 thinks: Unclassified